,Purchase,WeekofPurchase,StoreID,PriceCH,PriceMM,DiscCH,DiscMM,SpecialCH,SpecialMM,LoyalCH,SalePriceMM,SalePriceCH,PriceDiff,Store7,PctDiscMM,PctDiscCH,ListPriceDiff,STORE
0,CH,237,1,1.75,1.99,0.0,0.0,0,0,0.5,1.99,1.75,0.24,No,0.0,0.0,0.24,1
1,CH,239,1,1.75,1.99,0.0,0.3,0,1,0.6,1.69,1.75,-0.06,No,0.150754,0.0,0.24,1
2,CH,245,1,1.86,2.09,0.17,0.0,0,0,0.68,2.09,1.69,0.4,No,0.0,0.09139800000000001,0.23,1
3,MM,227,1,1.69,1.69,0.0,0.0,0,0,0.4,1.69,1.69,0.0,No,0.0,0.0,0.0,1
4,CH,228,7,1.69,1.69,0.0,0.0,0,0,0.956535,1.69,1.69,0.0,Yes,0.0,0.0,0.0,0
5,CH,230,7,1.69,1.99,0.0,0.0,0,1,0.9652280000000001,1.99,1.69,0.3,Yes,0.0,0.0,0.3,0
6,CH,232,7,1.69,1.99,0.0,0.4,1,1,0.972182,1.59,1.69,-0.1,Yes,0.201005,0.0,0.3,0
7,CH,234,7,1.75,1.99,0.0,0.4,1,0,0.9777459999999999,1.59,1.75,-0.16,Yes,0.201005,0.0,0.24,0
8,CH,235,7,1.75,1.99,0.0,0.4,0,0,0.982197,1.59,1.75,-0.16,Yes,0.201005,0.0,0.24,0
9,CH,238,7,1.75,1.99,0.0,0.4,0,0,0.985757,1.59,1.75,-0.16,Yes,0.201005,0.0,0.24,0
10,CH,240,7,1.86,2.09,0.0,0.0,0,0,0.988606,2.09,1.86,0.23,Yes,0.0,0.0,0.23,0
11,CH,263,7,1.86,2.13,0.27,0.0,0,0,0.990885,2.13,1.59,0.54,Yes,0.0,0.14516099999999998,0.27,0
12,CH,276,7,1.99,2.13,0.0,0.54,0,1,0.992708,1.59,1.99,-0.4,Yes,0.253521,0.0,0.14,0
13,CH,268,7,1.86,2.13,0.0,0.0,0,0,0.68,2.13,1.86,0.27,Yes,0.0,0.0,0.27,0
14,CH,278,7,2.06,2.13,0.0,0.0,0,0,0.7440000000000001,2.13,2.06,0.07,Yes,0.0,0.0,0.07,0
15,CH,278,7,2.06,2.13,0.0,0.0,0,0,0.7952,2.13,2.06,0.07,Yes,0.0,0.0,0.07,0
16,MM,240,1,1.75,1.99,0.0,0.3,0,1,0.5,1.69,1.75,-0.06,No,0.150754,0.0,0.24,1
17,MM,268,2,1.86,2.18,0.0,0.0,0,1,0.4,2.18,1.86,0.32,No,0.0,0.0,0.32,2
18,MM,269,2,1.86,2.18,0.0,0.0,0,0,0.32,2.18,1.86,0.32,No,0.0,0.0,0.32,2
19,CH,254,7,1.86,2.18,0.0,0.0,0,0,0.5,2.18,1.86,0.32,Yes,0.0,0.0,0.32,0
20,CH,257,7,1.86,2.18,0.0,0.0,0,0,0.6,2.18,1.86,0.32,Yes,0.0,0.0,0.32,0
21,CH,258,1,1.76,2.18,0.0,0.0,0,0,0.68,2.18,1.76,0.42,No,0.0,0.0,0.42,1
22,CH,259,7,1.86,2.18,0.0,0.0,0,0,0.7440000000000001,2.18,1.86,0.32,Yes,0.0,0.0,0.32,0
23,CH,264,7,1.86,2.13,0.37,0.0,1,0,0.7952,2.13,1.49,0.64,Yes,0.0,0.198925,0.27,0
24,CH,268,7,1.86,2.13,0.0,0.0,0,0,0.83616,2.13,1.86,0.27,Yes,0.0,0.0,0.27,0
25,CH,269,7,1.86,2.13,0.27,0.0,1,0,0.868928,2.13,1.59,0.54,Yes,0.0,0.14516099999999998,0.27,0
26,CH,271,7,1.86,2.13,0.0,0.0,0,0,0.895142,2.13,1.86,0.27,Yes,0.0,0.0,0.27,0
27,CH,272,7,1.86,2.13,0.0,0.0,0,0,0.916114,2.13,1.86,0.27,Yes,0.0,0.0,0.27,0
28,CH,274,7,1.86,2.13,0.47,0.54,1,0,0.932891,1.59,1.39,0.2,Yes,0.253521,0.252688,0.27,0
29,CH,278,7,2.06,2.13,0.0,0.0,0,0,0.946313,2.13,2.06,0.07,Yes,0.0,0.0,0.07,0
30,CH,246,2,1.89,2.09,0.0,0.0,0,0,0.5,2.09,1.89,0.2,No,0.0,0.0,0.2,2
31,CH,265,7,1.86,2.13,0.37,0.0,1,0,0.6,2.13,1.49,0.64,Yes,0.0,0.198925,0.27,0
32,MM,275,2,1.96,2.18,0.0,0.8,0,1,0.68,1.38,1.96,-0.58,No,0.36697199999999996,0.0,0.22,2
33,MM,232,2,1.69,1.69,0.0,0.0,1,0,0.68,1.69,1.69,0.0,No,0.0,0.0,0.0,2
34,CH,251,3,1.99,2.23,0.0,0.0,0,0,0.544,2.23,1.99,0.24,No,0.0,0.0,0.24,3
35,CH,256,3,1.99,2.29,0.0,0.0,0,0,0.6352,2.29,1.99,0.3,No,0.0,0.0,0.3,3
36,CH,258,1,1.76,2.18,0.0,0.0,0,0,0.70816,2.18,1.76,0.42,No,0.0,0.0,0.42,1
37,CH,277,1,1.99,2.13,0.24,0.0,0,0,0.7952,2.13,1.75,0.38,No,0.0,0.120603,0.14,1
38,CH,271,4,1.99,2.09,0.1,0.4,1,0,0.4,1.69,1.89,-0.2,No,0.191388,0.050251,0.1,4
39,CH,227,4,1.79,1.79,0.0,0.0,0,1,0.920961,1.79,1.79,0.0,No,0.0,0.0,0.0,4
40,CH,229,4,1.79,1.79,0.0,0.0,0,0,0.9367690000000001,1.79,1.79,0.0,No,0.0,0.0,0.0,4
41,CH,230,4,1.79,1.79,0.0,0.0,0,0,0.949415,1.79,1.79,0.0,No,0.0,0.0,0.0,4
42,CH,233,4,1.79,2.09,0.0,0.0,0,0,0.9595319999999999,2.09,1.79,0.3,No,0.0,0.0,0.3,4
43,CH,236,4,1.79,2.09,0.0,0.0,0,0,0.967626,2.09,1.79,0.3,No,0.0,0.0,0.3,4
44,MM,237,4,1.79,2.09,0.0,0.0,0,0,0.9741,2.09,1.79,0.3,No,0.0,0.0,0.3,4
45,CH,240,4,1.79,2.23,0.0,0.0,0,0,0.77928,2.23,1.79,0.44,No,0.0,0.0,0.44,4
46,CH,244,4,1.99,2.23,0.0,0.0,0,0,0.8234239999999999,2.23,1.99,0.24,No,0.0,0.0,0.24,4
47,CH,245,4,1.99,2.23,0.0,0.0,0,0,0.8587389999999999,2.23,1.99,0.24,No,0.0,0.0,0.24,4
48,CH,246,4,1.99,2.23,0.0,0.0,0,0,0.886992,2.23,1.99,0.24,No,0.0,0.0,0.24,4
49,CH,247,4,1.99,2.23,0.0,0.0,0,0,0.909593,2.23,1.99,0.24,No,0.0,0.0,0.24,4
50,MM,248,4,1.99,2.23,0.0,0.0,0,0,0.927675,2.23,1.99,0.24,No,0.0,0.0,0.24,4
51,CH,249,4,1.99,2.23,0.0,0.0,0,0,0.7421399999999999,2.23,1.99,0.24,No,0.0,0.0,0.24,4
52,CH,252,4,1.99,2.23,0.0,0.0,0,0,0.793712,2.23,1.99,0.24,No,0.0,0.0,0.24,4
53,MM,254,4,1.99,2.29,0.0,0.0,1,0,0.8349690000000001,2.29,1.99,0.3,No,0.0,0.0,0.3,4
54,CH,256,4,1.99,2.29,0.0,0.0,0,0,0.667976,2.29,1.99,0.3,No,0.0,0.0,0.3,4
55,CH,256,4,1.99,2.29,0.0,0.0,0,0,0.73438,2.29,1.99,0.3,No,0.0,0.0,0.3,4
56,CH,257,4,1.99,2.29,0.0,0.4,0,1,0.787504,1.89,1.99,-0.1,No,0.174672,0.0,0.3,4
57,CH,258,4,1.99,2.29,0.0,0.0,0,0,0.830003,2.29,1.99,0.3,No,0.0,0.0,0.3,4
58,CH,258,7,1.86,2.18,0.0,0.0,0,0,0.8640030000000001,2.18,1.86,0.32,Yes,0.0,0.0,0.32,0
59,CH,259,4,1.99,2.29,0.0,0.0,0,0,0.891202,2.29,1.99,0.3,No,0.0,0.0,0.3,4
60,CH,260,4,1.99,2.09,0.0,0.0,0,0,0.912962,2.09,1.99,0.1,No,0.0,0.0,0.1,4
61,CH,263,4,1.99,2.09,0.0,0.0,0,0,0.930369,2.09,1.99,0.1,No,0.0,0.0,0.1,4
62,MM,265,4,1.99,2.09,0.1,0.0,0,0,0.9442959999999999,2.09,1.89,0.2,No,0.0,0.050251,0.1,4
63,CH,265,4,1.99,2.09,0.1,0.0,0,0,0.755436,2.09,1.89,0.2,No,0.0,0.050251,0.1,4
64,CH,266,4,1.99,2.09,0.1,0.0,0,0,0.804349,2.09,1.89,0.2,No,0.0,0.050251,0.1,4
65,CH,267,4,1.99,2.09,0.1,0.0,0,0,0.8434790000000001,2.09,1.89,0.2,No,0.0,0.050251,0.1,4
66,MM,269,4,1.99,2.09,0.1,0.0,0,0,0.874783,2.09,1.89,0.2,No,0.0,0.050251,0.1,4
67,MM,270,4,1.99,2.09,0.1,0.0,0,0,0.6998270000000001,2.09,1.89,0.2,No,0.0,0.050251,0.1,4
68,CH,272,4,1.99,2.09,0.0,0.4,0,0,0.5598609999999999,1.69,1.99,-0.3,No,0.191388,0.0,0.1,4
69,CH,272,4,1.99,2.09,0.0,0.4,0,0,0.647889,1.69,1.99,-0.3,No,0.191388,0.0,0.1,4
70,CH,274,4,1.99,2.09,0.0,0.4,0,0,0.7183109999999999,1.69,1.99,-0.3,No,0.191388,0.0,0.1,4
71,CH,275,4,2.09,2.09,0.0,0.4,0,0,0.774649,1.69,2.09,-0.4,No,0.191388,0.0,0.0,4
72,CH,276,4,2.09,2.09,0.2,0.4,0,0,0.8197190000000001,1.69,1.89,-0.2,No,0.191388,0.095694,0.0,4
73,CH,278,4,2.09,2.09,0.2,0.0,0,0,0.855775,2.09,1.89,0.2,No,0.0,0.095694,0.0,4
74,CH,230,7,1.69,1.99,0.0,0.0,0,1,0.68,1.99,1.69,0.3,Yes,0.0,0.0,0.3,0
75,CH,238,4,1.79,2.09,0.0,0.0,0,0,0.7440000000000001,2.09,1.79,0.3,No,0.0,0.0,0.3,4
76,CH,239,4,1.79,2.23,0.0,0.0,0,0,0.7952,2.23,1.79,0.44,No,0.0,0.0,0.44,4
77,CH,251,4,1.99,2.23,0.0,0.0,0,0,0.83616,2.23,1.99,0.24,No,0.0,0.0,0.24,4
78,CH,252,2,1.89,2.09,0.13,0.0,0,0,0.868928,2.09,1.76,0.33,No,0.0,0.06878300000000001,0.2,2
79,CH,255,4,1.99,2.29,0.0,0.0,0,0,0.895142,2.29,1.99,0.3,No,0.0,0.0,0.3,4
80,CH,263,4,1.99,2.09,0.0,0.0,0,0,0.916114,2.09,1.99,0.1,No,0.0,0.0,0.1,4
81,CH,264,4,1.99,2.09,0.1,0.0,0,0,0.932891,2.09,1.89,0.2,No,0.0,0.050251,0.1,4
82,CH,269,4,1.99,2.09,0.1,0.0,0,0,0.946313,2.09,1.89,0.2,No,0.0,0.050251,0.1,4
83,CH,273,4,1.99,2.09,0.0,0.4,0,0,0.95705,1.69,1.99,-0.3,No,0.191388,0.0,0.1,4
84,CH,275,4,2.09,2.09,0.0,0.4,0,0,0.9656399999999999,1.69,2.09,-0.4,No,0.191388,0.0,0.0,4
85,CH,276,2,1.99,2.18,0.0,0.0,0,1,0.972512,2.18,1.99,0.19,No,0.0,0.0,0.19,2
86,CH,277,4,2.09,2.09,0.2,0.4,0,0,0.97801,1.69,1.89,-0.2,No,0.191388,0.095694,0.0,4
87,CH,252,4,1.99,2.23,0.0,0.0,0,0,0.68,2.23,1.99,0.24,No,0.0,0.0,0.24,4
88,CH,275,4,2.09,2.09,0.0,0.4,0,0,0.7440000000000001,1.69,2.09,-0.4,No,0.191388,0.0,0.0,4
89,CH,277,3,2.09,2.09,0.2,0.4,0,0,0.7952,1.69,1.89,-0.2,No,0.191388,0.095694,0.0,3
90,CH,237,4,1.79,2.09,0.0,0.0,0,0,0.5,2.09,1.79,0.3,No,0.0,0.0,0.3,4
91,CH,269,4,1.99,2.09,0.1,0.0,0,0,0.6,2.09,1.89,0.2,No,0.0,0.050251,0.1,4
92,CH,242,4,1.99,2.23,0.0,0.0,0,0,0.5,2.23,1.99,0.24,No,0.0,0.0,0.24,4
93,CH,244,7,1.86,2.09,0.0,0.2,0,0,0.6,1.89,1.86,0.03,Yes,0.095694,0.0,0.23,0
94,CH,241,2,1.75,1.99,0.0,0.3,0,1,0.5,1.69,1.75,-0.06,No,0.150754,0.0,0.24,2
95,CH,277,2,1.99,2.18,0.0,0.0,0,0,0.6,2.18,1.99,0.19,No,0.0,0.0,0.19,2
96,CH,277,7,1.99,2.13,0.5,0.0,0,1,0.4,2.13,1.49,0.64,Yes,0.0,0.251256,0.14,0
97,CH,227,2,1.69,1.69,0.0,0.0,0,0,0.7440000000000001,1.69,1.69,0.0,No,0.0,0.0,0.0,2
98,CH,229,2,1.69,1.69,0.0,0.0,0,0,0.7952,1.69,1.69,0.0,No,0.0,0.0,0.0,2
99,CH,234,2,1.69,1.99,0.0,0.0,0,0,0.83616,1.99,1.69,0.3,No,0.0,0.0,0.3,2
100,CH,236,2,1.75,1.99,0.0,0.0,0,0,0.868928,1.99,1.75,0.24,No,0.0,0.0,0.24,2
101,CH,237,2,1.75,1.99,0.0,0.0,0,0,0.895142,1.99,1.75,0.24,No,0.0,0.0,0.24,2
102,CH,240,2,1.75,1.99,0.0,0.3,0,1,0.916114,1.69,1.75,-0.06,No,0.150754,0.0,0.24,2
103,MM,241,2,1.75,1.99,0.0,0.3,0,1,0.932891,1.69,1.75,-0.06,No,0.150754,0.0,0.24,2
104,CH,243,2,1.86,2.09,0.0,0.0,0,1,0.746313,2.09,1.86,0.23,No,0.0,0.0,0.23,2
105,CH,245,2,1.89,2.09,0.0,0.0,0,0,0.79705,2.09,1.89,0.2,No,0.0,0.0,0.2,2
106,CH,245,1,1.86,2.09,0.17,0.0,0,0,0.8376399999999999,2.09,1.69,0.4,No,0.0,0.09139800000000001,0.23,1
107,CH,248,2,1.89,2.09,0.0,0.0,0,0,0.8701120000000001,2.09,1.89,0.2,No,0.0,0.0,0.2,2
108,CH,248,2,1.89,2.09,0.0,0.0,0,0,0.8960899999999999,2.09,1.89,0.2,No,0.0,0.0,0.2,2
109,CH,249,2,1.89,2.09,0.0,0.0,0,0,0.9168719999999999,2.09,1.89,0.2,No,0.0,0.0,0.2,2
110,CH,249,1,1.86,2.09,0.0,0.0,0,0,0.9334969999999999,2.09,1.86,0.23,No,0.0,0.0,0.23,1
111,MM,251,3,1.99,2.23,0.0,0.0,0,0,0.9467979999999999,2.23,1.99,0.24,No,0.0,0.0,0.24,3
112,CH,253,2,1.89,2.09,0.13,0.0,0,0,0.7574380000000001,2.09,1.76,0.33,No,0.0,0.06878300000000001,0.2,2
113,CH,254,2,1.89,2.09,0.13,0.0,0,0,0.805951,2.09,1.76,0.33,No,0.0,0.06878300000000001,0.2,2
114,CH,255,2,1.89,2.18,0.13,0.0,0,0,0.8447610000000001,2.18,1.76,0.42,No,0.0,0.06878300000000001,0.29,2
115,CH,257,3,1.99,2.29,0.0,0.4,0,1,0.875808,1.89,1.99,-0.1,No,0.174672,0.0,0.3,3
116,CH,257,2,1.86,2.18,0.0,0.0,0,0,0.900647,2.18,1.86,0.32,No,0.0,0.0,0.32,2
117,CH,258,2,1.86,2.18,0.0,0.0,0,0,0.920517,2.18,1.86,0.32,No,0.0,0.0,0.32,2
118,CH,259,3,1.99,2.29,0.0,0.0,0,0,0.936414,2.29,1.99,0.3,No,0.0,0.0,0.3,3
119,CH,259,2,1.86,2.18,0.0,0.4,0,1,0.949131,1.78,1.86,-0.08,No,0.18348599999999998,0.0,0.32,2
120,CH,260,2,1.86,2.18,0.0,0.7,0,0,0.959305,1.48,1.86,-0.38,No,0.321101,0.0,0.32,2
121,CH,261,1,1.76,1.99,0.0,0.0,0,0,0.9674440000000001,1.99,1.76,0.23,No,0.0,0.0,0.23,1
122,CH,261,2,1.86,2.18,0.0,0.0,0,0,0.9739549999999999,2.18,1.86,0.32,No,0.0,0.0,0.32,2
123,CH,263,2,1.86,2.18,0.0,0.0,0,1,0.9791639999999999,2.18,1.86,0.32,No,0.0,0.0,0.32,2
124,MM,264,2,1.86,2.18,0.0,0.0,0,0,0.983331,2.18,1.86,0.32,No,0.0,0.0,0.32,2
125,CH,265,2,1.86,2.18,0.0,0.0,0,0,0.786665,2.18,1.86,0.32,No,0.0,0.0,0.32,2
126,CH,266,1,1.86,1.99,0.0,0.1,0,0,0.829332,1.89,1.86,0.03,No,0.050251,0.0,0.13,1
127,CH,266,2,1.86,2.18,0.0,0.0,0,0,0.863466,2.18,1.86,0.32,No,0.0,0.0,0.32,2
128,CH,267,2,1.86,2.18,0.0,0.4,0,1,0.8907719999999999,1.78,1.86,-0.08,No,0.18348599999999998,0.0,0.32,2
129,CH,270,2,1.86,2.18,0.0,0.0,0,0,0.912618,2.18,1.86,0.32,No,0.0,0.0,0.32,2
130,CH,270,1,1.86,2.18,0.0,0.0,0,0,0.9300940000000001,2.18,1.86,0.32,No,0.0,0.0,0.32,1
131,CH,271,2,1.86,2.18,0.0,0.06,0,0,0.944076,2.12,1.86,0.26,No,0.027523000000000002,0.0,0.32,2
132,CH,272,2,1.86,2.18,0.0,0.06,0,0,0.95526,2.12,1.86,0.26,No,0.027523000000000002,0.0,0.32,2
133,CH,273,7,1.86,2.13,0.0,0.54,0,0,0.964208,1.59,1.86,-0.27,Yes,0.253521,0.0,0.27,0
134,CH,273,1,1.86,2.18,0.0,0.0,0,0,0.971367,2.18,1.86,0.32,No,0.0,0.0,0.32,1
135,CH,274,2,1.96,2.18,0.0,0.8,0,1,0.977093,1.38,1.96,-0.58,No,0.36697199999999996,0.0,0.22,2
136,CH,275,2,1.96,2.18,0.0,0.8,0,1,0.981675,1.38,1.96,-0.58,No,0.36697199999999996,0.0,0.22,2
137,CH,276,7,1.99,2.13,0.0,0.54,0,1,0.98534,1.59,1.99,-0.4,Yes,0.253521,0.0,0.14,0
138,CH,278,2,1.99,2.18,0.0,0.0,0,0,0.9882719999999999,2.18,1.99,0.19,No,0.0,0.0,0.19,2
139,CH,242,3,1.99,2.23,0.0,0.0,0,0,0.6,2.23,1.99,0.24,No,0.0,0.0,0.24,3
140,CH,237,1,1.75,1.99,0.0,0.0,0,0,0.52,1.99,1.75,0.24,No,0.0,0.0,0.24,1
141,CH,251,4,1.99,2.23,0.0,0.0,0,0,0.5,2.23,1.99,0.24,No,0.0,0.0,0.24,4
142,MM,255,4,1.99,2.29,0.0,0.0,0,0,0.6,2.29,1.99,0.3,No,0.0,0.0,0.3,4
143,MM,261,7,1.86,2.13,0.0,0.24,0,0,0.48,1.89,1.86,0.03,Yes,0.112676,0.0,0.27,0
144,CH,277,4,2.09,2.09,0.2,0.4,0,0,0.384,1.69,1.89,-0.2,No,0.191388,0.095694,0.0,4
145,MM,233,7,1.75,1.99,0.0,0.4,1,0,0.5,1.59,1.75,-0.16,Yes,0.201005,0.0,0.24,0
146,MM,236,7,1.75,1.99,0.0,0.4,0,0,0.4,1.59,1.75,-0.16,Yes,0.201005,0.0,0.24,0
147,MM,243,7,1.86,2.09,0.0,0.2,0,0,0.32,1.89,1.86,0.03,Yes,0.095694,0.0,0.23,0
148,MM,244,7,1.86,2.09,0.0,0.2,0,0,0.256,1.89,1.86,0.03,Yes,0.095694,0.0,0.23,0
149,MM,245,7,1.86,2.09,0.0,0.2,0,0,0.2048,1.89,1.86,0.03,Yes,0.095694,0.0,0.23,0
150,MM,252,7,1.86,2.09,0.1,0.0,0,0,0.16384,2.09,1.76,0.33,Yes,0.0,0.053763,0.23,0
151,MM,277,7,1.99,2.13,0.5,0.0,0,1,0.131072,2.13,1.49,0.64,Yes,0.0,0.251256,0.14,0
152,CH,228,4,1.79,1.79,0.0,0.0,0,0,0.83616,1.79,1.79,0.0,No,0.0,0.0,0.0,4
153,CH,230,3,1.79,1.79,0.0,0.0,0,0,0.868928,1.79,1.79,0.0,No,0.0,0.0,0.0,3
154,CH,231,3,1.79,1.79,0.0,0.0,0,0,0.895142,1.79,1.79,0.0,No,0.0,0.0,0.0,3
155,CH,233,1,1.69,1.99,0.0,0.0,0,0,0.916114,1.99,1.69,0.3,No,0.0,0.0,0.3,1
156,CH,263,4,1.99,2.09,0.0,0.0,0,0,0.932891,2.09,1.99,0.1,No,0.0,0.0,0.1,4
157,CH,264,4,1.99,2.09,0.1,0.0,0,0,0.946313,2.09,1.89,0.2,No,0.0,0.050251,0.1,4
158,CH,265,4,1.99,2.09,0.1,0.0,0,0,0.95705,2.09,1.89,0.2,No,0.0,0.050251,0.1,4
159,CH,266,4,1.99,2.09,0.1,0.0,0,0,0.9656399999999999,2.09,1.89,0.2,No,0.0,0.050251,0.1,4
160,CH,267,4,1.99,2.09,0.1,0.0,0,0,0.972512,2.09,1.89,0.2,No,0.0,0.050251,0.1,4
161,CH,269,4,1.99,2.09,0.1,0.0,0,0,0.97801,2.09,1.89,0.2,No,0.0,0.050251,0.1,4
162,CH,270,1,1.86,2.18,0.0,0.0,0,0,0.982408,2.18,1.86,0.32,No,0.0,0.0,0.32,1
163,CH,271,4,1.99,2.09,0.1,0.4,1,0,0.985926,1.69,1.89,-0.2,No,0.191388,0.050251,0.1,4
164,CH,272,4,1.99,2.09,0.0,0.4,0,0,0.988741,1.69,1.99,-0.3,No,0.191388,0.0,0.1,4
165,CH,274,4,1.99,2.09,0.0,0.4,0,0,0.990993,1.69,1.99,-0.3,No,0.191388,0.0,0.1,4
166,CH,276,4,2.09,2.09,0.2,0.4,0,0,0.9927940000000001,1.69,1.89,-0.2,No,0.191388,0.095694,0.0,4
167,CH,277,4,2.09,2.09,0.2,0.4,0,0,0.9942350000000001,1.69,1.89,-0.2,No,0.191388,0.095694,0.0,4
168,CH,278,3,2.09,2.09,0.2,0.0,0,0,0.9953879999999999,2.09,1.89,0.2,No,0.0,0.095694,0.0,3
169,CH,269,2,1.86,2.18,0.0,0.0,0,0,0.6,2.18,1.86,0.32,No,0.0,0.0,0.32,2
170,CH,229,7,1.69,1.69,0.0,0.2,0,1,0.95705,1.49,1.69,-0.2,Yes,0.118343,0.0,0.0,0
171,CH,230,7,1.69,1.99,0.0,0.0,0,1,0.9656399999999999,1.99,1.69,0.3,Yes,0.0,0.0,0.3,0
172,CH,231,4,1.79,1.79,0.0,0.0,0,0,0.972512,1.79,1.79,0.0,No,0.0,0.0,0.0,4
173,CH,233,4,1.79,2.09,0.0,0.0,0,0,0.97801,2.09,1.79,0.3,No,0.0,0.0,0.3,4
174,CH,239,7,1.79,2.09,0.0,0.0,0,0,0.982408,2.09,1.79,0.3,Yes,0.0,0.0,0.3,0
175,CH,240,4,1.79,2.23,0.0,0.0,0,0,0.985926,2.23,1.79,0.44,No,0.0,0.0,0.44,4
176,CH,242,7,1.86,2.09,0.0,0.0,0,0,0.988741,2.09,1.86,0.23,Yes,0.0,0.0,0.23,0
177,CH,243,4,1.99,2.23,0.0,0.0,0,0,0.990993,2.23,1.99,0.24,No,0.0,0.0,0.24,4
178,CH,244,7,1.86,2.09,0.0,0.2,0,0,0.9927940000000001,1.89,1.86,0.03,Yes,0.095694,0.0,0.23,0
179,CH,246,4,1.99,2.23,0.0,0.0,0,0,0.9942350000000001,2.23,1.99,0.24,No,0.0,0.0,0.24,4
180,CH,249,4,1.99,2.23,0.0,0.0,0,0,0.9953879999999999,2.23,1.99,0.24,No,0.0,0.0,0.24,4
181,CH,250,7,1.86,2.09,0.0,0.0,0,0,0.9963110000000001,2.09,1.86,0.23,Yes,0.0,0.0,0.23,0
182,CH,251,4,1.99,2.23,0.0,0.0,0,0,0.997049,2.23,1.99,0.24,No,0.0,0.0,0.24,4
183,CH,254,4,1.99,2.29,0.0,0.0,1,0,0.9976389999999999,2.29,1.99,0.3,No,0.0,0.0,0.3,4
184,CH,255,4,1.99,2.29,0.0,0.0,0,0,0.9981110000000001,2.29,1.99,0.3,No,0.0,0.0,0.3,4
185,CH,257,4,1.99,2.29,0.0,0.4,0,1,0.998489,1.89,1.99,-0.1,No,0.174672,0.0,0.3,4
186,CH,260,4,1.99,2.09,0.0,0.0,0,0,0.998791,2.09,1.99,0.1,No,0.0,0.0,0.1,4
187,CH,261,4,1.99,2.09,0.0,0.0,0,0,0.999033,2.09,1.99,0.1,No,0.0,0.0,0.1,4
188,CH,262,4,1.99,2.09,0.0,0.0,0,0,0.9992260000000001,2.09,1.99,0.1,No,0.0,0.0,0.1,4
189,CH,264,4,1.99,2.09,0.1,0.0,0,0,0.999381,2.09,1.89,0.2,No,0.0,0.050251,0.1,4
190,CH,265,4,1.99,2.09,0.1,0.0,0,0,0.999505,2.09,1.89,0.2,No,0.0,0.050251,0.1,4
191,CH,266,7,1.86,2.13,0.37,0.0,1,0,0.999604,2.13,1.49,0.64,Yes,0.0,0.198925,0.27,0
192,CH,267,7,1.86,2.13,0.0,0.0,1,0,0.999683,2.13,1.86,0.27,Yes,0.0,0.0,0.27,0
193,CH,269,7,1.86,2.13,0.27,0.0,1,0,0.9997459999999999,2.13,1.59,0.54,Yes,0.0,0.14516099999999998,0.27,0
194,CH,271,4,1.99,2.09,0.1,0.4,1,0,0.9997969999999999,1.69,1.89,-0.2,No,0.191388,0.050251,0.1,4
195,CH,272,4,1.99,2.09,0.0,0.4,0,0,0.9998379999999999,1.69,1.99,-0.3,No,0.191388,0.0,0.1,4
196,CH,274,4,1.99,2.09,0.0,0.4,0,0,0.99987,1.69,1.99,-0.3,No,0.191388,0.0,0.1,4
197,CH,275,7,1.99,2.13,0.0,0.54,1,0,0.9998959999999999,1.59,1.99,-0.4,Yes,0.253521,0.0,0.14,0
198,CH,276,4,2.09,2.09,0.2,0.4,0,0,0.9999170000000001,1.69,1.89,-0.2,No,0.191388,0.095694,0.0,4
199,CH,277,7,1.99,2.13,0.5,0.0,0,1,0.999934,2.13,1.49,0.64,Yes,0.0,0.251256,0.14,0
200,CH,278,4,2.09,2.09,0.2,0.0,0,0,0.9999469999999999,2.09,1.89,0.2,No,0.0,0.095694,0.0,4
201,MM,229,7,1.69,1.69,0.0,0.2,0,1,0.68,1.49,1.69,-0.2,Yes,0.118343,0.0,0.0,0
202,CH,230,7,1.69,1.99,0.0,0.0,0,1,0.544,1.99,1.69,0.3,Yes,0.0,0.0,0.3,0
203,CH,231,7,1.69,1.99,0.0,0.0,0,0,0.6352,1.99,1.69,0.3,Yes,0.0,0.0,0.3,0
204,CH,233,7,1.75,1.99,0.0,0.4,1,0,0.70816,1.59,1.75,-0.16,Yes,0.201005,0.0,0.24,0
205,CH,237,7,1.75,1.99,0.0,0.4,0,0,0.766528,1.59,1.75,-0.16,Yes,0.201005,0.0,0.24,0
206,CH,241,7,1.86,2.09,0.0,0.0,0,0,0.813222,2.09,1.86,0.23,Yes,0.0,0.0,0.23,0
207,CH,242,7,1.86,2.09,0.0,0.0,0,0,0.8505780000000001,2.09,1.86,0.23,Yes,0.0,0.0,0.23,0
208,CH,253,7,1.86,2.09,0.1,0.0,0,0,0.8804620000000001,2.09,1.76,0.33,Yes,0.0,0.053763,0.23,0
209,CH,256,7,1.86,2.18,0.0,0.0,0,0,0.9043700000000001,2.18,1.86,0.32,Yes,0.0,0.0,0.32,0
210,CH,258,7,1.86,2.18,0.0,0.0,0,0,0.9234959999999999,2.18,1.86,0.32,Yes,0.0,0.0,0.32,0
211,CH,259,7,1.86,2.18,0.0,0.0,0,0,0.9387969999999999,2.18,1.86,0.32,Yes,0.0,0.0,0.32,0
212,CH,260,7,1.86,2.13,0.0,0.24,0,0,0.9510370000000001,1.89,1.86,0.03,Yes,0.112676,0.0,0.27,0
213,CH,263,7,1.86,2.13,0.27,0.0,0,0,0.96083,2.13,1.59,0.54,Yes,0.0,0.14516099999999998,0.27,0
214,CH,264,7,1.86,2.13,0.37,0.0,1,0,0.968664,2.13,1.49,0.64,Yes,0.0,0.198925,0.27,0
215,CH,265,7,1.86,2.13,0.37,0.0,1,0,0.974931,2.13,1.49,0.64,Yes,0.0,0.198925,0.27,0
216,CH,265,7,1.86,2.13,0.37,0.0,1,0,0.9799450000000001,2.13,1.49,0.64,Yes,0.0,0.198925,0.27,0
217,CH,267,7,1.86,2.13,0.0,0.0,1,0,0.9839559999999999,2.13,1.86,0.27,Yes,0.0,0.0,0.27,0
218,CH,270,7,1.86,2.13,0.27,0.0,1,0,0.987165,2.13,1.59,0.54,Yes,0.0,0.14516099999999998,0.27,0
219,CH,272,7,1.86,2.13,0.0,0.0,0,0,0.989732,2.13,1.86,0.27,Yes,0.0,0.0,0.27,0
220,CH,274,2,1.96,2.18,0.0,0.8,0,1,0.991785,1.38,1.96,-0.58,No,0.36697199999999996,0.0,0.22,2
221,MM,228,1,1.69,1.69,0.0,0.0,0,0,0.32,1.69,1.69,0.0,No,0.0,0.0,0.0,1
222,CH,234,1,1.69,1.99,0.0,0.0,0,0,0.256,1.99,1.69,0.3,No,0.0,0.0,0.3,1
223,MM,243,1,1.86,1.99,0.0,0.8,0,1,0.4048,1.19,1.86,-0.67,No,0.40201,0.0,0.13,1
224,CH,251,1,1.76,2.09,0.0,0.0,0,0,0.32384,2.09,1.76,0.33,No,0.0,0.0,0.33,1
225,MM,253,1,1.76,2.09,0.0,0.0,0,0,0.45907200000000004,2.09,1.76,0.33,No,0.0,0.0,0.33,1
226,MM,242,3,1.99,2.23,0.0,0.0,0,0,0.5,2.23,1.99,0.24,No,0.0,0.0,0.24,3
227,MM,244,3,1.99,2.23,0.0,0.0,0,0,0.4,2.23,1.99,0.24,No,0.0,0.0,0.24,3
228,MM,247,3,1.99,2.23,0.0,0.0,0,0,0.32,2.23,1.99,0.24,No,0.0,0.0,0.24,3
229,CH,274,7,1.86,2.13,0.47,0.54,1,0,0.52,1.59,1.39,0.2,Yes,0.253521,0.252688,0.27,0
230,MM,276,7,1.99,2.13,0.0,0.54,0,1,0.616,1.59,1.99,-0.4,Yes,0.253521,0.0,0.14,0
231,CH,228,7,1.69,1.69,0.0,0.0,0,0,0.535142,1.69,1.69,0.0,Yes,0.0,0.0,0.0,0
232,CH,233,7,1.75,1.99,0.0,0.4,1,0,0.6281140000000001,1.59,1.75,-0.16,Yes,0.201005,0.0,0.24,0
233,MM,234,7,1.75,1.99,0.0,0.4,1,0,0.702491,1.59,1.75,-0.16,Yes,0.201005,0.0,0.24,0
234,CH,235,7,1.75,1.99,0.0,0.4,0,0,0.5619930000000001,1.59,1.75,-0.16,Yes,0.201005,0.0,0.24,0
235,CH,236,3,1.79,2.09,0.0,0.0,0,0,0.649594,2.09,1.79,0.3,No,0.0,0.0,0.3,3
236,CH,238,3,1.79,2.09,0.0,0.0,0,0,0.719675,2.09,1.79,0.3,No,0.0,0.0,0.3,3
237,CH,240,7,1.86,2.09,0.0,0.0,0,0,0.77574,2.09,1.86,0.23,Yes,0.0,0.0,0.23,0
238,CH,250,7,1.86,2.09,0.0,0.0,0,0,0.820592,2.09,1.86,0.23,Yes,0.0,0.0,0.23,0
239,CH,254,7,1.86,2.18,0.0,0.0,0,0,0.856474,2.18,1.86,0.32,Yes,0.0,0.0,0.32,0
240,CH,257,7,1.86,2.18,0.0,0.0,0,0,0.885179,2.18,1.86,0.32,Yes,0.0,0.0,0.32,0
241,CH,258,7,1.86,2.18,0.0,0.0,0,0,0.908143,2.18,1.86,0.32,Yes,0.0,0.0,0.32,0
242,CH,259,7,1.86,2.18,0.0,0.0,0,0,0.926515,2.18,1.86,0.32,Yes,0.0,0.0,0.32,0
243,CH,260,7,1.86,2.13,0.0,0.24,0,0,0.941212,1.89,1.86,0.03,Yes,0.112676,0.0,0.27,0
244,CH,261,7,1.86,2.13,0.0,0.24,0,0,0.9529690000000001,1.89,1.86,0.03,Yes,0.112676,0.0,0.27,0
245,CH,262,7,1.86,2.13,0.0,0.0,0,0,0.962375,2.13,1.86,0.27,Yes,0.0,0.0,0.27,0
246,CH,264,7,1.86,2.13,0.37,0.0,1,0,0.9699,2.13,1.49,0.64,Yes,0.0,0.198925,0.27,0
247,CH,266,7,1.86,2.13,0.37,0.0,1,0,0.9759200000000001,2.13,1.49,0.64,Yes,0.0,0.198925,0.27,0
248,CH,268,7,1.86,2.13,0.0,0.0,0,0,0.980736,2.13,1.86,0.27,Yes,0.0,0.0,0.27,0
249,CH,268,7,1.86,2.13,0.0,0.0,0,0,0.9845889999999999,2.13,1.86,0.27,Yes,0.0,0.0,0.27,0
250,CH,269,7,1.86,2.13,0.27,0.0,1,0,0.987671,2.13,1.59,0.54,Yes,0.0,0.14516099999999998,0.27,0
251,CH,270,7,1.86,2.13,0.27,0.0,1,0,0.990137,2.13,1.59,0.54,Yes,0.0,0.14516099999999998,0.27,0
252,CH,271,7,1.86,2.13,0.0,0.0,0,0,0.99211,2.13,1.86,0.27,Yes,0.0,0.0,0.27,0
253,CH,272,7,1.86,2.13,0.0,0.0,0,0,0.9936879999999999,2.13,1.86,0.27,Yes,0.0,0.0,0.27,0
254,MM,275,7,1.99,2.13,0.0,0.54,1,0,0.99495,1.59,1.99,-0.4,Yes,0.253521,0.0,0.14,0
255,CH,229,7,1.69,1.69,0.0,0.2,0,1,0.16384,1.49,1.69,-0.2,Yes,0.118343,0.0,0.0,0
256,CH,232,7,1.69,1.99,0.0,0.4,1,1,0.331072,1.59,1.69,-0.1,Yes,0.201005,0.0,0.3,0
257,CH,257,2,1.86,2.18,0.0,0.0,0,0,0.5,2.18,1.86,0.32,No,0.0,0.0,0.32,2
258,MM,264,3,1.99,2.09,0.1,0.0,0,0,0.6,2.09,1.89,0.2,No,0.0,0.050251,0.1,3
259,MM,265,2,1.86,2.18,0.0,0.0,0,0,0.48,2.18,1.86,0.32,No,0.0,0.0,0.32,2
260,MM,267,2,1.86,2.18,0.0,0.4,0,1,0.384,1.78,1.86,-0.08,No,0.18348599999999998,0.0,0.32,2
261,CH,270,2,1.86,2.18,0.0,0.0,0,0,0.3072,2.18,1.86,0.32,No,0.0,0.0,0.32,2
262,CH,272,2,1.86,2.18,0.0,0.06,0,0,0.44576000000000005,2.12,1.86,0.26,No,0.027523000000000002,0.0,0.32,2
263,CH,273,2,1.86,2.18,0.0,0.06,0,0,0.556608,2.12,1.86,0.26,No,0.027523000000000002,0.0,0.32,2
264,CH,276,2,1.99,2.18,0.0,0.0,0,1,0.6452859999999999,2.18,1.99,0.19,No,0.0,0.0,0.19,2
265,CH,278,2,1.99,2.18,0.0,0.0,0,0,0.716229,2.18,1.99,0.19,No,0.0,0.0,0.19,2
266,MM,259,2,1.86,2.18,0.0,0.4,0,1,0.6672,1.78,1.86,-0.08,No,0.18348599999999998,0.0,0.32,2
267,MM,229,3,1.79,1.79,0.0,0.0,0,0,0.5648,1.79,1.79,0.0,No,0.0,0.0,0.0,3
268,MM,235,3,1.79,2.09,0.0,0.0,0,0,0.45183999999999996,2.09,1.79,0.3,No,0.0,0.0,0.3,3
269,MM,261,2,1.86,2.18,0.0,0.0,0,0,0.53376,2.18,1.86,0.32,No,0.0,0.0,0.32,2
270,MM,273,2,1.86,2.18,0.0,0.06,0,0,0.427008,2.12,1.86,0.26,No,0.027523000000000002,0.0,0.32,2
271,MM,276,3,2.09,2.09,0.2,0.4,0,0,0.341606,1.69,1.89,-0.2,No,0.191388,0.095694,0.0,3
272,MM,278,3,2.09,2.09,0.2,0.0,0,0,0.273285,2.09,1.89,0.2,No,0.0,0.095694,0.0,3
273,MM,229,3,1.79,1.79,0.0,0.0,0,0,0.027488,1.79,1.79,0.0,No,0.0,0.0,0.0,3
274,MM,234,3,1.79,2.09,0.0,0.0,0,0,0.02199,2.09,1.79,0.3,No,0.0,0.0,0.3,3
275,MM,239,3,1.79,2.23,0.0,0.0,0,0,0.017592,2.23,1.79,0.44,No,0.0,0.0,0.44,3
276,MM,240,3,1.79,2.23,0.0,0.0,0,0,0.014074000000000001,2.23,1.79,0.44,No,0.0,0.0,0.44,3
277,MM,240,3,1.79,2.23,0.0,0.0,0,0,0.011259,2.23,1.79,0.44,No,0.0,0.0,0.44,3
278,MM,241,3,1.79,2.23,0.0,0.0,0,0,0.009007,2.23,1.79,0.44,No,0.0,0.0,0.44,3
279,MM,242,3,1.99,2.23,0.0,0.0,0,0,0.007206000000000001,2.23,1.99,0.24,No,0.0,0.0,0.24,3
280,MM,243,3,1.99,2.23,0.0,0.0,0,0,0.005765,2.23,1.99,0.24,No,0.0,0.0,0.24,3
281,MM,244,3,1.99,2.23,0.0,0.0,0,0,0.004612,2.23,1.99,0.24,No,0.0,0.0,0.24,3
282,MM,247,3,1.99,2.23,0.0,0.0,0,0,0.003689,2.23,1.99,0.24,No,0.0,0.0,0.24,3
283,MM,248,3,1.99,2.23,0.0,0.0,0,0,0.002951,2.23,1.99,0.24,No,0.0,0.0,0.24,3
284,MM,250,3,1.99,2.23,0.0,0.0,0,0,0.002361,2.23,1.99,0.24,No,0.0,0.0,0.24,3
285,MM,253,3,1.99,2.23,0.0,0.0,0,0,0.001889,2.23,1.99,0.24,No,0.0,0.0,0.24,3
286,MM,259,3,1.99,2.29,0.0,0.0,0,0,0.001511,2.29,1.99,0.3,No,0.0,0.0,0.3,3
287,MM,261,3,1.99,2.09,0.0,0.0,0,0,0.001209,2.09,1.99,0.1,No,0.0,0.0,0.1,3
288,MM,263,3,1.99,2.09,0.0,0.0,0,0,0.000967,2.09,1.99,0.1,No,0.0,0.0,0.1,3
289,MM,264,3,1.99,2.09,0.1,0.0,0,0,0.0007740000000000001,2.09,1.89,0.2,No,0.0,0.050251,0.1,3
290,MM,266,3,1.99,2.09,0.1,0.0,0,0,0.0006190000000000001,2.09,1.89,0.2,No,0.0,0.050251,0.1,3
291,MM,267,3,1.99,2.09,0.1,0.0,0,0,0.000495,2.09,1.89,0.2,No,0.0,0.050251,0.1,3
292,MM,270,2,1.86,2.18,0.0,0.0,0,0,0.000396,2.18,1.86,0.32,No,0.0,0.0,0.32,2
293,MM,273,2,1.86,2.18,0.0,0.06,0,0,0.000317,2.12,1.86,0.26,No,0.027523000000000002,0.0,0.32,2
294,MM,275,2,1.96,2.18,0.0,0.8,0,1,0.000254,1.38,1.96,-0.58,No,0.36697199999999996,0.0,0.22,2
295,MM,276,3,2.09,2.09,0.2,0.4,0,0,0.00020299999999999997,1.69,1.89,-0.2,No,0.191388,0.095694,0.0,3
296,CH,228,2,1.69,1.69,0.0,0.0,0,0,0.48,1.69,1.69,0.0,No,0.0,0.0,0.0,2
297,MM,229,2,1.69,1.69,0.0,0.0,0,0,0.584,1.69,1.69,0.0,No,0.0,0.0,0.0,2
298,MM,231,2,1.69,1.69,0.3,0.0,1,0,0.4672,1.69,1.39,0.3,No,0.0,0.177515,0.0,2
299,MM,233,2,1.69,1.69,0.0,0.0,0,0,0.37376,1.69,1.69,0.0,No,0.0,0.0,0.0,2
300,CH,234,3,1.79,2.09,0.0,0.0,0,0,0.299008,2.09,1.79,0.3,No,0.0,0.0,0.3,3
301,MM,240,2,1.75,1.99,0.0,0.3,0,1,0.43920600000000004,1.69,1.75,-0.06,No,0.150754,0.0,0.24,2
302,MM,242,2,1.75,1.99,0.16,0.3,0,1,0.351365,1.69,1.59,0.1,No,0.150754,0.091429,0.24,2
303,CH,245,2,1.89,2.09,0.0,0.0,0,0,0.281092,2.09,1.89,0.2,No,0.0,0.0,0.2,2
304,MM,253,3,1.99,2.23,0.0,0.0,0,0,0.424874,2.23,1.99,0.24,No,0.0,0.0,0.24,3
305,MM,256,2,1.89,2.18,0.13,0.0,0,0,0.33989899999999995,2.18,1.76,0.42,No,0.0,0.06878300000000001,0.29,2
306,MM,262,2,1.86,2.18,0.0,0.6,0,1,0.271919,1.58,1.86,-0.28,No,0.275229,0.0,0.32,2
307,MM,263,2,1.86,2.18,0.0,0.0,0,1,0.21753499999999998,2.18,1.86,0.32,No,0.0,0.0,0.32,2
308,CH,269,3,1.99,2.09,0.1,0.0,0,0,0.174028,2.09,1.89,0.2,No,0.0,0.050251,0.1,3
309,CH,270,2,1.86,2.18,0.0,0.0,0,0,0.339223,2.18,1.86,0.32,No,0.0,0.0,0.32,2
310,CH,272,2,1.86,2.18,0.0,0.06,0,0,0.47137799999999996,2.12,1.86,0.26,No,0.027523000000000002,0.0,0.32,2
311,CH,273,2,1.86,2.18,0.0,0.06,0,0,0.577102,2.12,1.86,0.26,No,0.027523000000000002,0.0,0.32,2
312,CH,275,2,1.96,2.18,0.0,0.8,0,1,0.661682,1.38,1.96,-0.58,No,0.36697199999999996,0.0,0.22,2
313,CH,276,2,1.99,2.18,0.0,0.0,0,1,0.729346,2.18,1.99,0.19,No,0.0,0.0,0.19,2
314,CH,276,2,1.99,2.18,0.0,0.0,0,1,0.7834760000000001,2.18,1.99,0.19,No,0.0,0.0,0.19,2
315,CH,278,2,1.99,2.18,0.0,0.0,0,0,0.826781,2.18,1.99,0.19,No,0.0,0.0,0.19,2
316,MM,238,3,1.79,2.09,0.0,0.0,0,0,0.7952,2.09,1.79,0.3,No,0.0,0.0,0.3,3
317,CH,241,3,1.79,2.23,0.0,0.0,0,0,0.6361600000000001,2.23,1.79,0.44,No,0.0,0.0,0.44,3
318,CH,246,3,1.99,2.23,0.0,0.0,0,0,0.708928,2.23,1.99,0.24,No,0.0,0.0,0.24,3
319,CH,251,3,1.99,2.23,0.0,0.0,0,0,0.5,2.23,1.99,0.24,No,0.0,0.0,0.24,3
320,CH,257,3,1.99,2.29,0.0,0.4,0,1,0.6,1.89,1.99,-0.1,No,0.174672,0.0,0.3,3
321,CH,264,3,1.99,2.09,0.1,0.0,0,0,0.68,2.09,1.89,0.2,No,0.0,0.050251,0.1,3
322,MM,271,3,1.99,2.09,0.1,0.4,1,0,0.5,1.69,1.89,-0.2,No,0.191388,0.050251,0.1,3
323,CH,271,3,1.99,2.09,0.1,0.4,1,0,0.4,1.69,1.89,-0.2,No,0.191388,0.050251,0.1,3
324,MM,230,1,1.69,1.69,0.0,0.2,0,0,0.4,1.49,1.69,-0.2,No,0.118343,0.0,0.0,1
325,CH,231,1,1.69,1.69,0.3,0.2,1,0,0.32,1.49,1.39,0.1,No,0.118343,0.177515,0.0,1
326,CH,251,1,1.76,2.09,0.0,0.0,0,0,0.456,2.09,1.76,0.33,No,0.0,0.0,0.33,1
327,CH,266,1,1.86,1.99,0.0,0.1,0,0,0.5648,1.89,1.86,0.03,No,0.050251,0.0,0.13,1
328,MM,267,4,1.99,2.09,0.1,0.0,0,0,0.65184,2.09,1.89,0.2,No,0.0,0.050251,0.1,4
329,CH,268,7,1.86,2.13,0.0,0.0,0,0,0.4,2.13,1.86,0.27,Yes,0.0,0.0,0.27,0
330,MM,262,1,1.76,1.99,0.0,0.4,0,1,0.5,1.59,1.76,-0.17,No,0.201005,0.0,0.23,1
331,MM,266,1,1.86,1.99,0.0,0.1,0,0,0.4,1.89,1.86,0.03,No,0.050251,0.0,0.13,1
332,MM,229,7,1.69,1.69,0.0,0.2,0,1,0.149422,1.49,1.69,-0.2,Yes,0.118343,0.0,0.0,0
333,MM,236,7,1.75,1.99,0.0,0.4,0,0,0.119538,1.59,1.75,-0.16,Yes,0.201005,0.0,0.24,0
334,MM,237,7,1.75,1.99,0.0,0.4,0,0,0.09562999999999999,1.59,1.75,-0.16,Yes,0.201005,0.0,0.24,0
335,MM,238,7,1.75,1.99,0.0,0.4,0,0,0.076504,1.59,1.75,-0.16,Yes,0.201005,0.0,0.24,0
336,MM,242,7,1.86,2.09,0.0,0.0,0,0,0.061203,2.09,1.86,0.23,Yes,0.0,0.0,0.23,0
337,MM,254,7,1.86,2.18,0.0,0.0,0,0,0.048963,2.18,1.86,0.32,Yes,0.0,0.0,0.32,0
338,MM,255,7,1.86,2.18,0.0,0.0,0,0,0.039169999999999996,2.18,1.86,0.32,Yes,0.0,0.0,0.32,0
339,CH,233,7,1.75,1.99,0.0,0.4,1,0,0.7440000000000001,1.59,1.75,-0.16,Yes,0.201005,0.0,0.24,0
340,CH,251,7,1.86,2.09,0.1,0.0,0,0,0.7952,2.09,1.76,0.33,Yes,0.0,0.053763,0.23,0
341,CH,253,7,1.86,2.09,0.1,0.0,0,0,0.83616,2.09,1.76,0.33,Yes,0.0,0.053763,0.23,0
342,CH,254,1,1.76,2.09,0.0,0.0,0,0,0.868928,2.09,1.76,0.33,No,0.0,0.0,0.33,1
343,CH,260,7,1.86,2.13,0.0,0.24,0,0,0.895142,1.89,1.86,0.03,Yes,0.112676,0.0,0.27,0
344,CH,261,7,1.86,2.13,0.0,0.24,0,0,0.916114,1.89,1.86,0.03,Yes,0.112676,0.0,0.27,0
345,CH,263,7,1.86,2.13,0.27,0.0,0,0,0.932891,2.13,1.59,0.54,Yes,0.0,0.14516099999999998,0.27,0
346,CH,264,7,1.86,2.13,0.37,0.0,1,0,0.946313,2.13,1.49,0.64,Yes,0.0,0.198925,0.27,0
347,CH,267,7,1.86,2.13,0.0,0.0,1,0,0.95705,2.13,1.86,0.27,Yes,0.0,0.0,0.27,0
348,CH,268,7,1.86,2.13,0.0,0.0,0,0,0.9656399999999999,2.13,1.86,0.27,Yes,0.0,0.0,0.27,0
349,CH,269,7,1.86,2.13,0.27,0.0,1,0,0.972512,2.13,1.59,0.54,Yes,0.0,0.14516099999999998,0.27,0
350,CH,277,7,1.99,2.13,0.5,0.0,0,1,0.97801,2.13,1.49,0.64,Yes,0.0,0.251256,0.14,0
351,CH,278,7,2.06,2.13,0.0,0.0,0,0,0.982408,2.13,2.06,0.07,Yes,0.0,0.0,0.07,0
352,CH,230,4,1.79,1.79,0.0,0.0,0,0,0.52,1.79,1.79,0.0,No,0.0,0.0,0.0,4
353,MM,273,4,1.99,2.09,0.0,0.4,0,0,0.616,1.69,1.99,-0.3,No,0.191388,0.0,0.1,4
354,MM,227,4,1.79,1.79,0.0,0.0,0,1,0.5,1.79,1.79,0.0,No,0.0,0.0,0.0,4
355,MM,229,4,1.79,1.79,0.0,0.0,0,0,0.4,1.79,1.79,0.0,No,0.0,0.0,0.0,4
356,MM,230,4,1.79,1.79,0.0,0.0,0,0,0.32,1.79,1.79,0.0,No,0.0,0.0,0.0,4
357,MM,252,4,1.99,2.23,0.0,0.0,0,0,0.5,2.23,1.99,0.24,No,0.0,0.0,0.24,4
358,CH,265,4,1.99,2.09,0.1,0.0,0,0,0.4,2.09,1.89,0.2,No,0.0,0.050251,0.1,4
359,CH,262,4,1.99,2.09,0.0,0.0,0,0,0.6,2.09,1.99,0.1,No,0.0,0.0,0.1,4
360,MM,275,7,1.99,2.13,0.0,0.54,1,0,0.6,1.59,1.99,-0.4,Yes,0.253521,0.0,0.14,0
361,MM,259,7,1.86,2.18,0.0,0.0,0,0,0.4,2.18,1.86,0.32,Yes,0.0,0.0,0.32,0
362,MM,261,7,1.86,2.13,0.0,0.24,0,0,0.32,1.89,1.86,0.03,Yes,0.112676,0.0,0.27,0
363,MM,240,4,1.79,2.23,0.0,0.0,0,0,0.5,2.23,1.79,0.44,No,0.0,0.0,0.44,4
364,MM,244,1,1.86,2.09,0.0,0.0,0,0,0.4,2.09,1.86,0.23,No,0.0,0.0,0.23,1
365,MM,233,7,1.75,1.99,0.0,0.4,1,0,0.4,1.59,1.75,-0.16,Yes,0.201005,0.0,0.24,0
366,MM,256,3,1.99,2.29,0.0,0.0,0,0,0.32,2.29,1.99,0.3,No,0.0,0.0,0.3,3
367,MM,258,2,1.86,2.18,0.0,0.0,0,0,0.256,2.18,1.86,0.32,No,0.0,0.0,0.32,2
368,CH,264,7,1.86,2.13,0.37,0.0,1,0,0.2048,2.13,1.49,0.64,Yes,0.0,0.198925,0.27,0
369,CH,266,2,1.86,2.18,0.0,0.0,0,0,0.36384,2.18,1.86,0.32,No,0.0,0.0,0.32,2
370,MM,267,1,1.86,1.99,0.0,0.2,0,1,0.491072,1.79,1.86,-0.07,No,0.100503,0.0,0.13,1
371,MM,274,2,1.96,2.18,0.0,0.8,0,1,0.392858,1.38,1.96,-0.58,No,0.36697199999999996,0.0,0.22,2
372,CH,274,7,1.86,2.13,0.47,0.54,1,0,0.314286,1.59,1.39,0.2,Yes,0.253521,0.252688,0.27,0
373,MM,228,1,1.69,1.69,0.0,0.0,0,0,0.5,1.69,1.69,0.0,No,0.0,0.0,0.0,1
374,MM,237,2,1.75,1.99,0.0,0.0,0,0,0.4,1.99,1.75,0.24,No,0.0,0.0,0.24,2
375,CH,258,1,1.76,2.18,0.0,0.0,0,0,0.32,2.18,1.76,0.42,No,0.0,0.0,0.42,1
376,MM,228,2,1.69,1.69,0.0,0.0,0,0,0.256,1.69,1.69,0.0,No,0.0,0.0,0.0,2
377,MM,229,2,1.69,1.69,0.0,0.0,0,0,0.2048,1.69,1.69,0.0,No,0.0,0.0,0.0,2
378,MM,236,2,1.75,1.99,0.0,0.0,0,0,0.16384,1.99,1.75,0.24,No,0.0,0.0,0.24,2
379,MM,242,2,1.75,1.99,0.16,0.3,0,1,0.131072,1.69,1.59,0.1,No,0.150754,0.091429,0.24,2
380,CH,254,2,1.89,2.09,0.13,0.0,0,0,0.10485799999999999,2.09,1.76,0.33,No,0.0,0.06878300000000001,0.2,2
381,CH,257,2,1.86,2.18,0.0,0.0,0,0,0.283886,2.18,1.86,0.32,No,0.0,0.0,0.32,2
382,MM,260,2,1.86,2.18,0.0,0.7,0,0,0.427109,1.48,1.86,-0.38,No,0.321101,0.0,0.32,2
383,CH,227,7,1.69,1.69,0.0,0.0,0,1,0.07299299999999999,1.69,1.69,0.0,Yes,0.0,0.0,0.0,0
384,MM,227,2,1.69,1.69,0.0,0.0,0,0,0.258395,1.69,1.69,0.0,No,0.0,0.0,0.0,2
385,MM,228,2,1.69,1.69,0.0,0.0,0,0,0.20671599999999998,1.69,1.69,0.0,No,0.0,0.0,0.0,2
386,MM,229,2,1.69,1.69,0.0,0.0,0,0,0.165373,1.69,1.69,0.0,No,0.0,0.0,0.0,2
387,MM,230,7,1.69,1.99,0.0,0.0,0,1,0.132298,1.99,1.69,0.3,Yes,0.0,0.0,0.3,0
388,MM,233,2,1.69,1.69,0.0,0.0,0,0,0.10583800000000002,1.69,1.69,0.0,No,0.0,0.0,0.0,2
389,CH,235,7,1.75,1.99,0.0,0.4,0,0,0.08467100000000001,1.59,1.75,-0.16,Yes,0.201005,0.0,0.24,0
390,MM,236,2,1.75,1.99,0.0,0.0,0,0,0.267737,1.99,1.75,0.24,No,0.0,0.0,0.24,2
391,MM,237,2,1.75,1.99,0.0,0.0,0,0,0.214189,1.99,1.75,0.24,No,0.0,0.0,0.24,2
392,MM,237,2,1.75,1.99,0.0,0.0,0,0,0.171351,1.99,1.75,0.24,No,0.0,0.0,0.24,2
393,CH,239,7,1.79,2.09,0.0,0.0,0,0,0.137081,2.09,1.79,0.3,Yes,0.0,0.0,0.3,0
394,MM,240,7,1.86,2.09,0.0,0.0,0,0,0.309665,2.09,1.86,0.23,Yes,0.0,0.0,0.23,0
395,MM,242,2,1.75,1.99,0.16,0.3,0,1,0.247732,1.69,1.59,0.1,No,0.150754,0.091429,0.24,2
396,CH,257,7,1.86,2.18,0.0,0.0,0,0,0.198186,2.18,1.86,0.32,Yes,0.0,0.0,0.32,0
397,MM,258,7,1.86,2.18,0.0,0.0,0,0,0.358548,2.18,1.86,0.32,Yes,0.0,0.0,0.32,0
398,CH,264,7,1.86,2.13,0.37,0.0,1,0,0.286839,2.13,1.49,0.64,Yes,0.0,0.198925,0.27,0
399,MM,271,7,1.86,2.13,0.0,0.0,0,0,0.429471,2.13,1.86,0.27,Yes,0.0,0.0,0.27,0
400,MM,272,3,1.99,2.09,0.0,0.4,0,0,0.343577,1.69,1.99,-0.3,No,0.191388,0.0,0.1,3
401,MM,272,2,1.86,2.18,0.0,0.06,0,0,0.274861,2.12,1.86,0.26,No,0.027523000000000002,0.0,0.32,2
402,MM,274,7,1.86,2.13,0.47,0.54,1,0,0.219889,1.59,1.39,0.2,Yes,0.253521,0.252688,0.27,0
403,MM,274,2,1.96,2.18,0.0,0.8,0,1,0.17591099999999998,1.38,1.96,-0.58,No,0.36697199999999996,0.0,0.22,2
404,MM,275,7,1.99,2.13,0.0,0.54,1,0,0.140729,1.59,1.99,-0.4,Yes,0.253521,0.0,0.14,0
405,MM,276,7,1.99,2.13,0.0,0.54,0,1,0.11258299999999999,1.59,1.99,-0.4,Yes,0.253521,0.0,0.14,0
406,MM,227,1,1.69,1.69,0.0,0.0,0,0,0.433472,1.69,1.69,0.0,No,0.0,0.0,0.0,1
407,MM,236,1,1.75,1.99,0.0,0.0,0,0,0.34677800000000003,1.99,1.75,0.24,No,0.0,0.0,0.24,1
408,CH,243,1,1.86,1.99,0.0,0.8,0,1,0.277422,1.19,1.86,-0.67,No,0.40201,0.0,0.13,1
409,MM,255,7,1.86,2.18,0.0,0.0,0,0,0.42193800000000004,2.18,1.86,0.32,Yes,0.0,0.0,0.32,0
410,MM,261,7,1.86,2.13,0.0,0.24,0,0,0.33755,1.89,1.86,0.03,Yes,0.112676,0.0,0.27,0
411,MM,230,3,1.79,1.79,0.0,0.0,0,0,0.283886,1.79,1.79,0.0,No,0.0,0.0,0.0,3
412,MM,234,7,1.75,1.99,0.0,0.4,1,0,0.227109,1.59,1.75,-0.16,Yes,0.201005,0.0,0.24,0
413,MM,235,3,1.79,2.09,0.0,0.0,0,0,0.181687,2.09,1.79,0.3,No,0.0,0.0,0.3,3
414,MM,238,3,1.79,2.09,0.0,0.0,0,0,0.14535,2.09,1.79,0.3,No,0.0,0.0,0.3,3
415,MM,241,3,1.79,2.23,0.0,0.0,0,0,0.11628,2.23,1.79,0.44,No,0.0,0.0,0.44,3
416,MM,244,7,1.86,2.09,0.0,0.2,0,0,0.093024,1.89,1.86,0.03,Yes,0.095694,0.0,0.23,0
417,MM,257,3,1.99,2.29,0.0,0.4,0,1,0.074419,1.89,1.99,-0.1,No,0.174672,0.0,0.3,3
418,MM,258,2,1.86,2.18,0.0,0.0,0,0,0.059535000000000005,2.18,1.86,0.32,No,0.0,0.0,0.32,2
419,MM,259,3,1.99,2.29,0.0,0.0,0,0,0.047628,2.29,1.99,0.3,No,0.0,0.0,0.3,3
420,MM,260,3,1.99,2.09,0.0,0.0,0,0,0.038103,2.09,1.99,0.1,No,0.0,0.0,0.1,3
421,MM,261,3,1.99,2.09,0.0,0.0,0,0,0.030482,2.09,1.99,0.1,No,0.0,0.0,0.1,3
422,CH,232,2,1.69,1.69,0.0,0.0,1,0,0.4352,1.69,1.69,0.0,No,0.0,0.0,0.0,2
423,CH,235,2,1.69,1.99,0.0,0.0,0,0,0.5481600000000001,1.99,1.69,0.3,No,0.0,0.0,0.3,2
424,CH,242,3,1.99,2.23,0.0,0.0,0,0,0.41600000000000004,2.23,1.99,0.24,No,0.0,0.0,0.24,3
425,CH,277,3,2.09,2.09,0.2,0.4,0,0,0.5328,1.69,1.89,-0.2,No,0.191388,0.095694,0.0,3
426,CH,262,4,1.99,2.09,0.0,0.0,0,0,0.10485799999999999,2.09,1.99,0.1,No,0.0,0.0,0.1,4
427,CH,264,7,1.86,2.13,0.37,0.0,1,0,0.283886,2.13,1.49,0.64,Yes,0.0,0.198925,0.27,0
428,MM,265,7,1.86,2.13,0.37,0.0,1,0,0.427109,2.13,1.49,0.64,Yes,0.0,0.198925,0.27,0
429,MM,267,4,1.99,2.09,0.1,0.0,0,0,0.34168699999999996,2.09,1.89,0.2,No,0.0,0.050251,0.1,4
430,MM,270,4,1.99,2.09,0.1,0.0,0,0,0.27335,2.09,1.89,0.2,No,0.0,0.050251,0.1,4
431,MM,272,7,1.86,2.13,0.0,0.0,0,0,0.21868,2.13,1.86,0.27,Yes,0.0,0.0,0.27,0
432,CH,234,7,1.75,1.99,0.0,0.4,1,0,0.5,1.59,1.75,-0.16,Yes,0.201005,0.0,0.24,0
433,MM,243,1,1.86,1.99,0.0,0.8,0,1,0.6,1.19,1.86,-0.67,No,0.40201,0.0,0.13,1
434,MM,257,4,1.99,2.29,0.0,0.4,0,1,0.48,1.89,1.99,-0.1,No,0.174672,0.0,0.3,4
435,MM,261,1,1.76,1.99,0.0,0.0,0,0,0.384,1.99,1.76,0.23,No,0.0,0.0,0.23,1
436,CH,265,1,1.76,1.99,0.0,0.1,0,0,0.3072,1.89,1.76,0.13,No,0.050251,0.0,0.23,1
437,MM,275,1,1.96,2.13,0.0,0.74,0,1,0.44576000000000005,1.39,1.96,-0.57,No,0.347418,0.0,0.17,1
438,MM,243,1,1.86,1.99,0.0,0.8,0,1,0.6,1.19,1.86,-0.67,No,0.40201,0.0,0.13,1
439,CH,251,1,1.76,2.09,0.0,0.0,0,0,0.48,2.09,1.76,0.33,No,0.0,0.0,0.33,1
440,CH,256,1,1.76,2.18,0.0,0.0,0,0,0.584,2.18,1.76,0.42,No,0.0,0.0,0.42,1
441,CH,257,1,1.76,2.18,0.0,0.0,0,0,0.6672,2.18,1.76,0.42,No,0.0,0.0,0.42,1
442,CH,258,1,1.76,2.18,0.0,0.0,0,0,0.7337600000000001,2.18,1.76,0.42,No,0.0,0.0,0.42,1
443,CH,261,1,1.76,1.99,0.0,0.0,0,0,0.787008,1.99,1.76,0.23,No,0.0,0.0,0.23,1
444,CH,266,1,1.86,1.99,0.0,0.1,0,0,0.829606,1.89,1.86,0.03,No,0.050251,0.0,0.13,1
445,MM,275,1,1.96,2.13,0.0,0.74,0,1,0.863685,1.39,1.96,-0.57,No,0.347418,0.0,0.17,1
446,CH,233,7,1.75,1.99,0.0,0.4,1,0,0.524608,1.59,1.75,-0.16,Yes,0.201005,0.0,0.24,0
447,CH,256,7,1.86,2.18,0.0,0.0,0,0,0.619686,2.18,1.86,0.32,Yes,0.0,0.0,0.32,0
448,MM,260,3,1.99,2.09,0.0,0.0,0,0,0.695749,2.09,1.99,0.1,No,0.0,0.0,0.1,3
449,MM,262,2,1.86,2.18,0.0,0.6,0,1,0.556599,1.58,1.86,-0.28,No,0.275229,0.0,0.32,2
450,MM,263,2,1.86,2.18,0.0,0.0,0,1,0.445279,2.18,1.86,0.32,No,0.0,0.0,0.32,2
451,CH,264,7,1.86,2.13,0.37,0.0,1,0,0.356224,2.13,1.49,0.64,Yes,0.0,0.198925,0.27,0
452,CH,267,2,1.86,2.18,0.0,0.4,0,1,0.484979,1.78,1.86,-0.08,No,0.18348599999999998,0.0,0.32,2
453,CH,268,2,1.86,2.18,0.0,0.0,0,1,0.587983,2.18,1.86,0.32,No,0.0,0.0,0.32,2
454,MM,271,3,1.99,2.09,0.1,0.4,1,0,0.6703859999999999,1.69,1.89,-0.2,No,0.191388,0.050251,0.1,3
455,CH,272,2,1.86,2.18,0.0,0.06,0,0,0.536309,2.12,1.86,0.26,No,0.027523000000000002,0.0,0.32,2
456,CH,274,7,1.86,2.13,0.47,0.54,1,0,0.629047,1.59,1.39,0.2,Yes,0.253521,0.252688,0.27,0
457,MM,275,7,1.99,2.13,0.0,0.54,1,0,0.703238,1.59,1.99,-0.4,Yes,0.253521,0.0,0.14,0
458,MM,275,2,1.96,2.18,0.0,0.8,0,1,0.5625899999999999,1.38,1.96,-0.58,No,0.36697199999999996,0.0,0.22,2
459,MM,277,3,2.09,2.09,0.2,0.4,0,0,0.450072,1.69,1.89,-0.2,No,0.191388,0.095694,0.0,3
460,MM,246,2,1.89,2.09,0.0,0.0,0,0,0.48,2.09,1.89,0.2,No,0.0,0.0,0.2,2
461,CH,227,4,1.79,1.79,0.0,0.0,0,1,0.48,1.79,1.79,0.0,No,0.0,0.0,0.0,4
462,CH,228,7,1.69,1.69,0.0,0.0,0,0,0.584,1.69,1.69,0.0,Yes,0.0,0.0,0.0,0
463,CH,255,7,1.86,2.18,0.0,0.0,0,0,0.6672,2.18,1.86,0.32,Yes,0.0,0.0,0.32,0
464,CH,265,7,1.86,2.13,0.37,0.0,1,0,0.7337600000000001,2.13,1.49,0.64,Yes,0.0,0.198925,0.27,0
465,CH,267,7,1.86,2.13,0.0,0.0,1,0,0.787008,2.13,1.86,0.27,Yes,0.0,0.0,0.27,0
466,CH,269,7,1.86,2.13,0.27,0.0,1,0,0.829606,2.13,1.59,0.54,Yes,0.0,0.14516099999999998,0.27,0
467,CH,271,7,1.86,2.13,0.0,0.0,0,0,0.863685,2.13,1.86,0.27,Yes,0.0,0.0,0.27,0
468,CH,272,7,1.86,2.13,0.0,0.0,0,0,0.890948,2.13,1.86,0.27,Yes,0.0,0.0,0.27,0
469,CH,274,7,1.86,2.13,0.47,0.54,1,0,0.912758,1.59,1.39,0.2,Yes,0.253521,0.252688,0.27,0
470,CH,274,7,1.86,2.13,0.47,0.54,1,0,0.5,1.59,1.39,0.2,Yes,0.253521,0.252688,0.27,0
471,MM,275,2,1.96,2.18,0.0,0.8,0,1,0.6,1.38,1.96,-0.58,No,0.36697199999999996,0.0,0.22,2
472,MM,276,7,1.99,2.13,0.0,0.54,0,1,0.48,1.59,1.99,-0.4,Yes,0.253521,0.0,0.14,0
473,CH,277,7,1.99,2.13,0.5,0.0,0,1,0.384,2.13,1.49,0.64,Yes,0.0,0.251256,0.14,0
474,MM,246,7,1.86,2.09,0.0,0.0,0,0,0.256,2.09,1.86,0.23,Yes,0.0,0.0,0.23,0
475,CH,253,7,1.86,2.09,0.1,0.0,0,0,0.4,2.09,1.76,0.33,Yes,0.0,0.053763,0.23,0
476,CH,266,7,1.86,2.13,0.37,0.0,1,0,0.52,2.13,1.49,0.64,Yes,0.0,0.198925,0.27,0
477,CH,266,7,1.86,2.13,0.37,0.0,1,0,0.616,2.13,1.49,0.64,Yes,0.0,0.198925,0.27,0
478,CH,267,7,1.86,2.13,0.0,0.0,1,0,0.6928,2.13,1.86,0.27,Yes,0.0,0.0,0.27,0
479,CH,269,7,1.86,2.13,0.27,0.0,1,0,0.7542399999999999,2.13,1.59,0.54,Yes,0.0,0.14516099999999998,0.27,0
480,CH,274,7,1.86,2.13,0.47,0.54,1,0,0.803392,1.59,1.39,0.2,Yes,0.253521,0.252688,0.27,0
481,CH,253,2,1.89,2.09,0.13,0.0,0,0,0.6,2.09,1.76,0.33,No,0.0,0.06878300000000001,0.2,2
482,CH,255,2,1.89,2.18,0.13,0.0,0,0,0.68,2.18,1.76,0.42,No,0.0,0.06878300000000001,0.29,2
483,CH,264,2,1.86,2.18,0.0,0.0,0,0,0.584,2.18,1.86,0.32,No,0.0,0.0,0.32,2
484,CH,235,3,1.79,2.09,0.0,0.0,0,0,0.5,2.09,1.79,0.3,No,0.0,0.0,0.3,3
485,CH,236,3,1.79,2.09,0.0,0.0,0,0,0.6,2.09,1.79,0.3,No,0.0,0.0,0.3,3
486,CH,237,2,1.75,1.99,0.0,0.0,0,0,0.68,1.99,1.75,0.24,No,0.0,0.0,0.24,2
487,CH,238,2,1.75,1.99,0.0,0.0,0,0,0.7440000000000001,1.99,1.75,0.24,No,0.0,0.0,0.24,2
488,CH,239,3,1.79,2.23,0.0,0.0,0,0,0.7952,2.23,1.79,0.44,No,0.0,0.0,0.44,3
489,CH,240,2,1.75,1.99,0.0,0.3,0,1,0.83616,1.69,1.75,-0.06,No,0.150754,0.0,0.24,2
490,CH,241,3,1.79,2.23,0.0,0.0,0,0,0.868928,2.23,1.79,0.44,No,0.0,0.0,0.44,3
491,CH,242,2,1.75,1.99,0.16,0.3,0,1,0.895142,1.69,1.59,0.1,No,0.150754,0.091429,0.24,2
492,CH,245,3,1.99,2.23,0.0,0.0,0,0,0.916114,2.23,1.99,0.24,No,0.0,0.0,0.24,3
493,CH,246,3,1.99,2.23,0.0,0.0,0,0,0.5,2.23,1.99,0.24,No,0.0,0.0,0.24,3
494,MM,267,3,1.99,2.09,0.1,0.0,0,0,0.6,2.09,1.89,0.2,No,0.0,0.050251,0.1,3
495,MM,232,2,1.69,1.69,0.0,0.0,1,0,0.5,1.69,1.69,0.0,No,0.0,0.0,0.0,2
496,MM,262,2,1.86,2.18,0.0,0.6,0,1,0.4,1.58,1.86,-0.28,No,0.275229,0.0,0.32,2
497,MM,267,2,1.86,2.18,0.0,0.4,0,1,0.32,1.78,1.86,-0.08,No,0.18348599999999998,0.0,0.32,2
498,MM,274,2,1.96,2.18,0.0,0.8,0,1,0.256,1.38,1.96,-0.58,No,0.36697199999999996,0.0,0.22,2
499,MM,276,7,1.99,2.13,0.0,0.54,0,1,0.2048,1.59,1.99,-0.4,Yes,0.253521,0.0,0.14,0
500,CH,229,3,1.79,1.79,0.0,0.0,0,0,0.4,1.79,1.79,0.0,No,0.0,0.0,0.0,3
501,CH,232,3,1.79,2.09,0.0,0.0,0,0,0.52,2.09,1.79,0.3,No,0.0,0.0,0.3,3
502,CH,235,3,1.79,2.09,0.0,0.0,0,0,0.616,2.09,1.79,0.3,No,0.0,0.0,0.3,3
503,CH,240,3,1.79,2.23,0.0,0.0,0,0,0.6928,2.23,1.79,0.44,No,0.0,0.0,0.44,3
504,CH,244,3,1.99,2.23,0.0,0.0,0,0,0.7542399999999999,2.23,1.99,0.24,No,0.0,0.0,0.24,3
505,CH,248,3,1.99,2.23,0.0,0.0,0,0,0.803392,2.23,1.99,0.24,No,0.0,0.0,0.24,3
506,CH,249,3,1.99,2.23,0.0,0.0,0,0,0.842714,2.23,1.99,0.24,No,0.0,0.0,0.24,3
507,CH,252,3,1.99,2.23,0.0,0.0,0,0,0.8741709999999999,2.23,1.99,0.24,No,0.0,0.0,0.24,3
508,CH,255,3,1.99,2.29,0.0,0.0,0,0,0.899337,2.29,1.99,0.3,No,0.0,0.0,0.3,3
509,CH,258,3,1.99,2.29,0.0,0.0,0,0,0.9194690000000001,2.29,1.99,0.3,No,0.0,0.0,0.3,3
510,CH,260,3,1.99,2.09,0.0,0.0,0,0,0.935575,2.09,1.99,0.1,No,0.0,0.0,0.1,3
511,CH,263,3,1.99,2.09,0.0,0.0,0,0,0.9484600000000001,2.09,1.99,0.1,No,0.0,0.0,0.1,3
512,CH,266,3,1.99,2.09,0.1,0.0,0,0,0.9587680000000001,2.09,1.89,0.2,No,0.0,0.050251,0.1,3
513,CH,269,3,1.99,2.09,0.1,0.0,0,0,0.967015,2.09,1.89,0.2,No,0.0,0.050251,0.1,3
514,CH,271,3,1.99,2.09,0.1,0.4,1,0,0.973612,1.69,1.89,-0.2,No,0.191388,0.050251,0.1,3
515,CH,274,3,1.99,2.09,0.0,0.4,0,0,0.9788889999999999,1.69,1.99,-0.3,No,0.191388,0.0,0.1,3
516,CH,276,3,2.09,2.09,0.2,0.4,0,0,0.9831120000000001,1.69,1.89,-0.2,No,0.191388,0.095694,0.0,3
517,CH,278,3,2.09,2.09,0.2,0.0,0,0,0.986489,2.09,1.89,0.2,No,0.0,0.095694,0.0,3
518,CH,231,2,1.69,1.69,0.3,0.0,1,0,0.5,1.69,1.39,0.3,No,0.0,0.177515,0.0,2
519,CH,257,2,1.86,2.18,0.0,0.0,0,0,0.6,2.18,1.86,0.32,No,0.0,0.0,0.32,2
520,CH,259,2,1.86,2.18,0.0,0.4,0,1,0.68,1.78,1.86,-0.08,No,0.18348599999999998,0.0,0.32,2
521,MM,275,2,1.96,2.18,0.0,0.8,0,1,0.7440000000000001,1.38,1.96,-0.58,No,0.36697199999999996,0.0,0.22,2
522,MM,241,1,1.86,1.99,0.0,0.3,0,1,0.5,1.69,1.86,-0.17,No,0.150754,0.0,0.13,1
523,MM,277,7,1.99,2.13,0.5,0.0,0,1,0.4,2.13,1.49,0.64,Yes,0.0,0.251256,0.14,0
524,MM,262,1,1.76,1.99,0.0,0.4,0,1,0.5,1.59,1.76,-0.17,No,0.201005,0.0,0.23,1
525,MM,263,1,1.76,1.99,0.0,0.4,0,1,0.4,1.59,1.76,-0.17,No,0.201005,0.0,0.23,1
526,CH,242,3,1.99,2.23,0.0,0.0,0,0,0.6,2.23,1.99,0.24,No,0.0,0.0,0.24,3
527,CH,247,2,1.89,2.09,0.0,0.0,0,0,0.68,2.09,1.89,0.2,No,0.0,0.0,0.2,2
528,CH,250,2,1.89,2.09,0.0,0.0,0,0,0.7440000000000001,2.09,1.89,0.2,No,0.0,0.0,0.2,2
529,CH,236,7,1.75,1.99,0.0,0.4,0,0,0.6,1.59,1.75,-0.16,Yes,0.201005,0.0,0.24,0
530,MM,236,2,1.75,1.99,0.0,0.0,0,0,0.68,1.99,1.75,0.24,No,0.0,0.0,0.24,2
531,CH,237,7,1.75,1.99,0.0,0.4,0,0,0.544,1.59,1.75,-0.16,Yes,0.201005,0.0,0.24,0
532,CH,238,4,1.79,2.09,0.0,0.0,0,0,0.6352,2.09,1.79,0.3,No,0.0,0.0,0.3,4
533,CH,239,2,1.75,1.99,0.0,0.3,0,1,0.70816,1.69,1.75,-0.06,No,0.150754,0.0,0.24,2
534,CH,254,7,1.86,2.18,0.0,0.0,0,0,0.766528,2.18,1.86,0.32,Yes,0.0,0.0,0.32,0
535,CH,263,7,1.86,2.13,0.27,0.0,0,0,0.813222,2.13,1.59,0.54,Yes,0.0,0.14516099999999998,0.27,0
536,CH,264,7,1.86,2.13,0.37,0.0,1,0,0.8505780000000001,2.13,1.49,0.64,Yes,0.0,0.198925,0.27,0
537,CH,266,4,1.99,2.09,0.1,0.0,0,0,0.8804620000000001,2.09,1.89,0.2,No,0.0,0.050251,0.1,4
538,CH,259,7,1.86,2.18,0.0,0.0,0,0,0.32,2.18,1.86,0.32,Yes,0.0,0.0,0.32,0
539,MM,274,7,1.86,2.13,0.47,0.54,1,0,0.5,1.59,1.39,0.2,Yes,0.253521,0.252688,0.27,0
540,CH,274,7,1.86,2.13,0.47,0.54,1,0,0.4,1.59,1.39,0.2,Yes,0.253521,0.252688,0.27,0
541,CH,259,7,1.86,2.18,0.0,0.0,0,0,0.5,2.18,1.86,0.32,Yes,0.0,0.0,0.32,0
542,CH,274,7,1.86,2.13,0.47,0.54,1,0,0.6,1.59,1.39,0.2,Yes,0.253521,0.252688,0.27,0
543,MM,228,3,1.79,1.79,0.0,0.0,0,0,0.26624000000000003,1.79,1.79,0.0,No,0.0,0.0,0.0,3
544,MM,231,2,1.69,1.69,0.3,0.0,1,0,0.21299200000000001,1.69,1.39,0.3,No,0.0,0.177515,0.0,2
545,MM,232,2,1.69,1.69,0.0,0.0,1,0,0.17039400000000002,1.69,1.69,0.0,No,0.0,0.0,0.0,2
546,MM,234,2,1.69,1.99,0.0,0.0,0,0,0.13631500000000002,1.99,1.69,0.3,No,0.0,0.0,0.3,2
547,MM,235,2,1.69,1.99,0.0,0.0,0,0,0.109052,1.99,1.69,0.3,No,0.0,0.0,0.3,2
548,MM,236,2,1.75,1.99,0.0,0.0,0,0,0.087242,1.99,1.75,0.24,No,0.0,0.0,0.24,2
549,MM,236,7,1.75,1.99,0.0,0.4,0,0,0.069793,1.59,1.75,-0.16,Yes,0.201005,0.0,0.24,0
550,MM,238,2,1.75,1.99,0.0,0.0,0,0,0.055835,1.99,1.75,0.24,No,0.0,0.0,0.24,2
551,MM,239,2,1.75,1.99,0.0,0.3,0,1,0.044668,1.69,1.75,-0.06,No,0.150754,0.0,0.24,2
552,CH,241,1,1.86,1.99,0.0,0.3,0,1,0.035733999999999995,1.69,1.86,-0.17,No,0.150754,0.0,0.13,1
553,MM,245,2,1.89,2.09,0.0,0.0,0,0,0.22858699999999998,2.09,1.89,0.2,No,0.0,0.0,0.2,2
554,CH,251,2,1.89,2.09,0.13,0.0,0,0,0.18287,2.09,1.76,0.33,No,0.0,0.06878300000000001,0.2,2
555,CH,258,7,1.86,2.18,0.0,0.0,0,0,0.346296,2.18,1.86,0.32,Yes,0.0,0.0,0.32,0
556,MM,275,1,1.96,2.13,0.0,0.74,0,1,0.477037,1.39,1.96,-0.57,No,0.347418,0.0,0.17,1
557,MM,276,1,1.99,2.13,0.0,0.0,0,1,0.381629,2.13,1.99,0.14,No,0.0,0.0,0.14,1
558,CH,233,7,1.75,1.99,0.0,0.4,1,0,0.5,1.59,1.75,-0.16,Yes,0.201005,0.0,0.24,0
559,CH,270,7,1.86,2.13,0.27,0.0,1,0,0.6,2.13,1.59,0.54,Yes,0.0,0.14516099999999998,0.27,0
560,MM,245,2,1.89,2.09,0.0,0.0,0,0,0.5,2.09,1.89,0.2,No,0.0,0.0,0.2,2
561,CH,278,7,2.06,2.13,0.0,0.0,0,0,0.4,2.13,2.06,0.07,Yes,0.0,0.0,0.07,0
562,CH,230,4,1.79,1.79,0.0,0.0,0,0,0.6672,1.79,1.79,0.0,No,0.0,0.0,0.0,4
563,CH,253,1,1.76,2.09,0.0,0.0,0,0,0.5,2.09,1.76,0.33,No,0.0,0.0,0.33,1
564,CH,266,7,1.86,2.13,0.37,0.0,1,0,0.6,2.13,1.49,0.64,Yes,0.0,0.198925,0.27,0
565,MM,227,4,1.79,1.79,0.0,0.0,0,1,0.4,1.79,1.79,0.0,No,0.0,0.0,0.0,4
566,MM,233,7,1.75,1.99,0.0,0.4,1,0,0.4,1.59,1.75,-0.16,Yes,0.201005,0.0,0.24,0
567,CH,277,7,1.99,2.13,0.5,0.0,0,1,0.32,2.13,1.49,0.64,Yes,0.0,0.251256,0.14,0
568,MM,247,1,1.86,2.09,0.0,0.0,0,0,0.5,2.09,1.86,0.23,No,0.0,0.0,0.23,1
569,MM,253,1,1.76,2.09,0.0,0.0,0,0,0.4,2.09,1.76,0.33,No,0.0,0.0,0.33,1
570,MM,236,3,1.79,2.09,0.0,0.0,0,0,0.077677,2.09,1.79,0.3,No,0.0,0.0,0.3,3
571,CH,237,3,1.79,2.09,0.0,0.0,0,0,0.062141999999999996,2.09,1.79,0.3,No,0.0,0.0,0.3,3
572,MM,240,3,1.79,2.23,0.0,0.0,0,0,0.24971300000000002,2.23,1.79,0.44,No,0.0,0.0,0.44,3
573,CH,255,3,1.99,2.29,0.0,0.0,0,0,0.199771,2.29,1.99,0.3,No,0.0,0.0,0.3,3
574,MM,256,3,1.99,2.29,0.0,0.0,0,0,0.359817,2.29,1.99,0.3,No,0.0,0.0,0.3,3
575,CH,270,3,1.99,2.09,0.1,0.0,0,0,0.287853,2.09,1.89,0.2,No,0.0,0.050251,0.1,3
576,CH,230,7,1.69,1.99,0.0,0.0,0,1,0.6,1.99,1.69,0.3,Yes,0.0,0.0,0.3,0
577,CH,250,7,1.86,2.09,0.0,0.0,0,0,0.5,2.09,1.86,0.23,Yes,0.0,0.0,0.23,0
578,CH,272,7,1.86,2.13,0.0,0.0,0,0,0.6,2.13,1.86,0.27,Yes,0.0,0.0,0.27,0
579,CH,254,7,1.86,2.18,0.0,0.0,0,0,0.5,2.18,1.86,0.32,Yes,0.0,0.0,0.32,0
580,CH,255,7,1.86,2.18,0.0,0.0,0,0,0.6,2.18,1.86,0.32,Yes,0.0,0.0,0.32,0
581,CH,258,7,1.86,2.18,0.0,0.0,0,0,0.68,2.18,1.86,0.32,Yes,0.0,0.0,0.32,0
582,CH,260,7,1.86,2.13,0.0,0.24,0,0,0.7440000000000001,1.89,1.86,0.03,Yes,0.112676,0.0,0.27,0
583,CH,263,7,1.86,2.13,0.27,0.0,0,0,0.7952,2.13,1.59,0.54,Yes,0.0,0.14516099999999998,0.27,0
584,CH,264,7,1.86,2.13,0.37,0.0,1,0,0.83616,2.13,1.49,0.64,Yes,0.0,0.198925,0.27,0
585,CH,265,7,1.86,2.13,0.37,0.0,1,0,0.868928,2.13,1.49,0.64,Yes,0.0,0.198925,0.27,0
586,CH,272,7,1.86,2.13,0.0,0.0,0,0,0.895142,2.13,1.86,0.27,Yes,0.0,0.0,0.27,0
587,CH,231,1,1.69,1.69,0.3,0.2,1,0,0.5,1.49,1.39,0.1,No,0.118343,0.177515,0.0,1
588,MM,234,7,1.75,1.99,0.0,0.4,1,0,0.6,1.59,1.75,-0.16,Yes,0.201005,0.0,0.24,0
589,CH,251,7,1.86,2.09,0.1,0.0,0,0,0.48,2.09,1.76,0.33,Yes,0.0,0.053763,0.23,0
590,CH,253,7,1.86,2.09,0.1,0.0,0,0,0.584,2.09,1.76,0.33,Yes,0.0,0.053763,0.23,0
591,CH,254,7,1.86,2.18,0.0,0.0,0,0,0.6672,2.18,1.86,0.32,Yes,0.0,0.0,0.32,0
592,CH,254,7,1.86,2.18,0.0,0.0,0,0,0.7337600000000001,2.18,1.86,0.32,Yes,0.0,0.0,0.32,0
593,CH,255,7,1.86,2.18,0.0,0.0,0,0,0.787008,2.18,1.86,0.32,Yes,0.0,0.0,0.32,0
594,CH,256,7,1.86,2.18,0.0,0.0,0,0,0.829606,2.18,1.86,0.32,Yes,0.0,0.0,0.32,0
595,CH,257,7,1.86,2.18,0.0,0.0,0,0,0.863685,2.18,1.86,0.32,Yes,0.0,0.0,0.32,0
596,CH,258,7,1.86,2.18,0.0,0.0,0,0,0.890948,2.18,1.86,0.32,Yes,0.0,0.0,0.32,0
597,CH,259,7,1.86,2.18,0.0,0.0,0,0,0.912758,2.18,1.86,0.32,Yes,0.0,0.0,0.32,0
598,CH,259,7,1.86,2.18,0.0,0.0,0,0,0.930207,2.18,1.86,0.32,Yes,0.0,0.0,0.32,0
599,CH,260,7,1.86,2.13,0.0,0.24,0,0,0.9441649999999999,1.89,1.86,0.03,Yes,0.112676,0.0,0.27,0
600,CH,260,7,1.86,2.13,0.0,0.24,0,0,0.955332,1.89,1.86,0.03,Yes,0.112676,0.0,0.27,0
601,CH,261,7,1.86,2.13,0.0,0.24,0,0,0.964266,1.89,1.86,0.03,Yes,0.112676,0.0,0.27,0
602,CH,262,7,1.86,2.13,0.0,0.0,0,0,0.971413,2.13,1.86,0.27,Yes,0.0,0.0,0.27,0
603,CH,262,7,1.86,2.13,0.0,0.0,0,0,0.9771299999999999,2.13,1.86,0.27,Yes,0.0,0.0,0.27,0
604,CH,264,7,1.86,2.13,0.37,0.0,1,0,0.9817040000000001,2.13,1.49,0.64,Yes,0.0,0.198925,0.27,0
605,CH,265,7,1.86,2.13,0.37,0.0,1,0,0.9853629999999999,2.13,1.49,0.64,Yes,0.0,0.198925,0.27,0
606,CH,266,1,1.86,1.99,0.0,0.1,0,0,0.988291,1.89,1.86,0.03,No,0.050251,0.0,0.13,1
607,CH,267,7,1.86,2.13,0.0,0.0,1,0,0.990633,2.13,1.86,0.27,Yes,0.0,0.0,0.27,0
608,CH,269,7,1.86,2.13,0.27,0.0,1,0,0.992506,2.13,1.59,0.54,Yes,0.0,0.14516099999999998,0.27,0
609,CH,277,7,1.99,2.13,0.5,0.0,0,1,0.9940049999999999,2.13,1.49,0.64,Yes,0.0,0.251256,0.14,0
610,MM,251,7,1.86,2.09,0.1,0.0,0,0,0.6,2.09,1.76,0.33,Yes,0.0,0.053763,0.23,0
611,CH,233,7,1.75,1.99,0.0,0.4,1,0,0.2048,1.59,1.75,-0.16,Yes,0.201005,0.0,0.24,0
612,CH,259,7,1.86,2.18,0.0,0.0,0,0,0.36384,2.18,1.86,0.32,Yes,0.0,0.0,0.32,0
613,CH,259,7,1.86,2.18,0.0,0.0,0,0,0.491072,2.18,1.86,0.32,Yes,0.0,0.0,0.32,0
614,CH,260,7,1.86,2.13,0.0,0.24,0,0,0.592858,1.89,1.86,0.03,Yes,0.112676,0.0,0.27,0
615,CH,262,7,1.86,2.13,0.0,0.0,0,0,0.6742859999999999,2.13,1.86,0.27,Yes,0.0,0.0,0.27,0
616,CH,262,7,1.86,2.13,0.0,0.0,0,0,0.739429,2.13,1.86,0.27,Yes,0.0,0.0,0.27,0
617,CH,264,1,1.76,1.99,0.0,0.4,0,0,0.791543,1.59,1.76,-0.17,No,0.201005,0.0,0.23,1
618,CH,265,1,1.76,1.99,0.0,0.1,0,0,0.833234,1.89,1.76,0.13,No,0.050251,0.0,0.23,1
619,CH,267,7,1.86,2.13,0.0,0.0,1,0,0.8665879999999999,2.13,1.86,0.27,Yes,0.0,0.0,0.27,0
620,CH,269,7,1.86,2.13,0.27,0.0,1,0,0.8932700000000001,2.13,1.59,0.54,Yes,0.0,0.14516099999999998,0.27,0
621,CH,270,1,1.86,2.18,0.0,0.0,0,0,0.914616,2.18,1.86,0.32,No,0.0,0.0,0.32,1
622,CH,271,1,1.86,2.18,0.0,0.0,0,0,0.931693,2.18,1.86,0.32,No,0.0,0.0,0.32,1
623,CH,272,1,1.86,2.18,0.0,0.0,0,0,0.9453540000000001,2.18,1.86,0.32,No,0.0,0.0,0.32,1
624,CH,272,1,1.86,2.18,0.0,0.0,0,0,0.956283,2.18,1.86,0.32,No,0.0,0.0,0.32,1
625,CH,273,7,1.86,2.13,0.0,0.54,0,0,0.9650270000000001,1.59,1.86,-0.27,Yes,0.253521,0.0,0.27,0
626,CH,274,7,1.86,2.13,0.47,0.54,1,0,0.9720209999999999,1.59,1.39,0.2,Yes,0.253521,0.252688,0.27,0
627,MM,242,2,1.75,1.99,0.16,0.3,0,1,0.4,1.69,1.59,0.1,No,0.150754,0.091429,0.24,2
628,CH,256,2,1.89,2.18,0.13,0.0,0,0,0.32,2.18,1.76,0.42,No,0.0,0.06878300000000001,0.29,2
629,MM,260,2,1.86,2.18,0.0,0.7,0,0,0.456,1.48,1.86,-0.38,No,0.321101,0.0,0.32,2
630,CH,246,3,1.99,2.23,0.0,0.0,0,0,0.5,2.23,1.99,0.24,No,0.0,0.0,0.24,3
631,CH,274,7,1.86,2.13,0.47,0.54,1,0,0.6,1.59,1.39,0.2,Yes,0.253521,0.252688,0.27,0
632,MM,242,1,1.86,1.99,0.0,0.3,0,1,0.3072,1.69,1.86,-0.17,No,0.150754,0.0,0.13,1
633,CH,239,3,1.79,2.23,0.0,0.0,0,0,0.813222,2.23,1.79,0.44,No,0.0,0.0,0.44,3
634,CH,241,3,1.79,2.23,0.0,0.0,0,0,0.8505780000000001,2.23,1.79,0.44,No,0.0,0.0,0.44,3
635,CH,244,3,1.99,2.23,0.0,0.0,0,0,0.8804620000000001,2.23,1.99,0.24,No,0.0,0.0,0.24,3
636,CH,268,3,1.99,2.09,0.1,0.0,0,0,0.9043700000000001,2.09,1.89,0.2,No,0.0,0.050251,0.1,3
637,CH,237,3,1.79,2.09,0.0,0.0,0,0,0.540992,2.09,1.79,0.3,No,0.0,0.0,0.3,3
638,MM,248,3,1.99,2.23,0.0,0.0,0,0,0.5,2.23,1.99,0.24,No,0.0,0.0,0.24,3
639,MM,262,2,1.86,2.18,0.0,0.6,0,1,0.4,1.58,1.86,-0.28,No,0.275229,0.0,0.32,2
640,CH,233,3,1.79,2.09,0.0,0.0,0,0,0.5072,2.09,1.79,0.3,No,0.0,0.0,0.3,3
641,MM,236,2,1.75,1.99,0.0,0.0,0,0,0.6057600000000001,1.99,1.75,0.24,No,0.0,0.0,0.24,2
642,CH,237,2,1.75,1.99,0.0,0.0,0,0,0.484608,1.99,1.75,0.24,No,0.0,0.0,0.24,2
643,CH,238,2,1.75,1.99,0.0,0.0,0,0,0.5876859999999999,1.99,1.75,0.24,No,0.0,0.0,0.24,2
644,CH,239,3,1.79,2.23,0.0,0.0,0,0,0.670149,2.23,1.79,0.44,No,0.0,0.0,0.44,3
645,CH,240,2,1.75,1.99,0.0,0.3,0,1,0.736119,1.69,1.75,-0.06,No,0.150754,0.0,0.24,2
646,CH,241,3,1.79,2.23,0.0,0.0,0,0,0.788895,2.23,1.79,0.44,No,0.0,0.0,0.44,3
647,CH,247,3,1.99,2.23,0.0,0.0,0,0,0.831116,2.23,1.99,0.24,No,0.0,0.0,0.24,3
648,CH,248,3,1.99,2.23,0.0,0.0,0,0,0.864893,2.23,1.99,0.24,No,0.0,0.0,0.24,3
649,CH,249,2,1.89,2.09,0.0,0.0,0,0,0.891914,2.09,1.89,0.2,No,0.0,0.0,0.2,2
650,CH,251,2,1.89,2.09,0.13,0.0,0,0,0.913532,2.09,1.76,0.33,No,0.0,0.06878300000000001,0.2,2
651,CH,254,2,1.89,2.09,0.13,0.0,0,0,0.930825,2.09,1.76,0.33,No,0.0,0.06878300000000001,0.2,2
652,CH,260,2,1.86,2.18,0.0,0.7,0,0,0.94466,1.48,1.86,-0.38,No,0.321101,0.0,0.32,2
653,CH,261,2,1.86,2.18,0.0,0.0,0,0,0.955728,2.18,1.86,0.32,No,0.0,0.0,0.32,2
654,CH,262,3,1.99,2.09,0.0,0.0,0,0,0.964583,2.09,1.99,0.1,No,0.0,0.0,0.1,3
655,CH,266,2,1.86,2.18,0.0,0.0,0,0,0.971666,2.18,1.86,0.32,No,0.0,0.0,0.32,2
656,CH,269,2,1.86,2.18,0.0,0.0,0,0,0.977333,2.18,1.86,0.32,No,0.0,0.0,0.32,2
657,CH,270,2,1.86,2.18,0.0,0.0,0,0,0.981866,2.18,1.86,0.32,No,0.0,0.0,0.32,2
658,MM,271,2,1.86,2.18,0.0,0.06,0,0,0.9854930000000001,2.12,1.86,0.26,No,0.027523000000000002,0.0,0.32,2
659,CH,271,2,1.86,2.18,0.0,0.06,0,0,0.7883939999999999,2.12,1.86,0.26,No,0.027523000000000002,0.0,0.32,2
660,CH,253,1,1.76,2.09,0.0,0.0,0,0,0.6,2.09,1.76,0.33,No,0.0,0.0,0.33,1
661,CH,266,7,1.86,2.13,0.37,0.0,1,0,0.68,2.13,1.49,0.64,Yes,0.0,0.198925,0.27,0
662,CH,265,7,1.86,2.13,0.37,0.0,1,0,0.4,2.13,1.49,0.64,Yes,0.0,0.198925,0.27,0
663,CH,267,7,1.86,2.13,0.0,0.0,1,0,0.52,2.13,1.86,0.27,Yes,0.0,0.0,0.27,0
664,MM,228,2,1.69,1.69,0.0,0.0,0,0,0.5,1.69,1.69,0.0,No,0.0,0.0,0.0,2
665,MM,243,1,1.86,1.99,0.0,0.8,0,1,0.4,1.19,1.86,-0.67,No,0.40201,0.0,0.13,1
666,MM,256,2,1.89,2.18,0.13,0.0,0,0,0.4,2.18,1.76,0.42,No,0.0,0.06878300000000001,0.29,2
667,MM,259,2,1.86,2.18,0.0,0.4,0,1,0.32,1.78,1.86,-0.08,No,0.18348599999999998,0.0,0.32,2
668,MM,261,2,1.86,2.18,0.0,0.0,0,0,0.256,2.18,1.86,0.32,No,0.0,0.0,0.32,2
669,CH,254,4,1.99,2.29,0.0,0.0,1,0,0.5,2.29,1.99,0.3,No,0.0,0.0,0.3,4
670,CH,260,1,1.76,1.99,0.0,0.2,0,0,0.6,1.79,1.76,0.03,No,0.100503,0.0,0.23,1
671,CH,266,1,1.86,1.99,0.0,0.1,0,0,0.68,1.89,1.86,0.03,No,0.050251,0.0,0.13,1
672,MM,267,1,1.86,1.99,0.0,0.2,0,1,0.7440000000000001,1.79,1.86,-0.07,No,0.100503,0.0,0.13,1
673,MM,268,1,1.86,1.99,0.0,0.2,0,1,0.5952,1.79,1.86,-0.07,No,0.100503,0.0,0.13,1
674,CH,270,1,1.86,2.18,0.0,0.0,0,0,0.47616,2.18,1.86,0.32,No,0.0,0.0,0.32,1
675,CH,273,1,1.86,2.18,0.0,0.0,0,0,0.580928,2.18,1.86,0.32,No,0.0,0.0,0.32,1
676,CH,274,1,1.96,2.13,0.0,0.74,0,1,0.664742,1.39,1.96,-0.57,No,0.347418,0.0,0.17,1
677,MM,274,1,1.96,2.13,0.0,0.74,0,1,0.731794,1.39,1.96,-0.57,No,0.347418,0.0,0.17,1
678,CH,277,1,1.99,2.13,0.24,0.0,0,0,0.585435,2.13,1.75,0.38,No,0.0,0.120603,0.14,1
679,MM,235,7,1.75,1.99,0.0,0.4,0,0,0.4,1.59,1.75,-0.16,Yes,0.201005,0.0,0.24,0
680,MM,240,7,1.86,2.09,0.0,0.0,0,0,0.32,2.09,1.86,0.23,Yes,0.0,0.0,0.23,0
681,MM,242,3,1.99,2.23,0.0,0.0,0,0,0.256,2.23,1.99,0.24,No,0.0,0.0,0.24,3
682,MM,243,7,1.86,2.09,0.0,0.2,0,0,0.2048,1.89,1.86,0.03,Yes,0.095694,0.0,0.23,0
683,MM,254,7,1.86,2.18,0.0,0.0,0,0,0.16384,2.18,1.86,0.32,Yes,0.0,0.0,0.32,0
684,MM,256,7,1.86,2.18,0.0,0.0,0,0,0.131072,2.18,1.86,0.32,Yes,0.0,0.0,0.32,0
685,MM,259,7,1.86,2.18,0.0,0.0,0,0,0.10485799999999999,2.18,1.86,0.32,Yes,0.0,0.0,0.32,0
686,MM,260,7,1.86,2.13,0.0,0.24,0,0,0.083886,1.89,1.86,0.03,Yes,0.112676,0.0,0.27,0
687,MM,278,7,2.06,2.13,0.0,0.0,0,0,0.067109,2.13,2.06,0.07,Yes,0.0,0.0,0.07,0
688,MM,227,3,1.79,1.79,0.0,0.0,0,1,0.053687,1.79,1.79,0.0,No,0.0,0.0,0.0,3
689,MM,228,3,1.79,1.79,0.0,0.0,0,0,0.04295,1.79,1.79,0.0,No,0.0,0.0,0.0,3
690,MM,229,3,1.79,1.79,0.0,0.0,0,0,0.03436,1.79,1.79,0.0,No,0.0,0.0,0.0,3
691,MM,230,3,1.79,1.79,0.0,0.0,0,0,0.027488,1.79,1.79,0.0,No,0.0,0.0,0.0,3
692,MM,231,3,1.79,1.79,0.0,0.0,0,0,0.02199,1.79,1.79,0.0,No,0.0,0.0,0.0,3
693,MM,232,3,1.79,2.09,0.0,0.0,0,0,0.017592,2.09,1.79,0.3,No,0.0,0.0,0.3,3
694,MM,233,3,1.79,2.09,0.0,0.0,0,0,0.014074000000000001,2.09,1.79,0.3,No,0.0,0.0,0.3,3
695,MM,234,3,1.79,2.09,0.0,0.0,0,0,0.011259,2.09,1.79,0.3,No,0.0,0.0,0.3,3
696,MM,235,3,1.79,2.09,0.0,0.0,0,0,0.009007,2.09,1.79,0.3,No,0.0,0.0,0.3,3
697,MM,236,3,1.79,2.09,0.0,0.0,0,0,0.007206000000000001,2.09,1.79,0.3,No,0.0,0.0,0.3,3
698,MM,241,3,1.79,2.23,0.0,0.0,0,0,0.005765,2.23,1.79,0.44,No,0.0,0.0,0.44,3
699,MM,245,3,1.99,2.23,0.0,0.0,0,0,0.004612,2.23,1.99,0.24,No,0.0,0.0,0.24,3
700,MM,247,3,1.99,2.23,0.0,0.0,0,0,0.003689,2.23,1.99,0.24,No,0.0,0.0,0.24,3
701,MM,248,3,1.99,2.23,0.0,0.0,0,0,0.002951,2.23,1.99,0.24,No,0.0,0.0,0.24,3
702,MM,249,3,1.99,2.23,0.0,0.0,0,0,0.002361,2.23,1.99,0.24,No,0.0,0.0,0.24,3
703,MM,250,3,1.99,2.23,0.0,0.0,0,0,0.001889,2.23,1.99,0.24,No,0.0,0.0,0.24,3
704,MM,254,3,1.99,2.29,0.0,0.0,1,0,0.001511,2.29,1.99,0.3,No,0.0,0.0,0.3,3
705,MM,255,3,1.99,2.29,0.0,0.0,0,0,0.001209,2.29,1.99,0.3,No,0.0,0.0,0.3,3
706,MM,256,3,1.99,2.29,0.0,0.0,0,0,0.000967,2.29,1.99,0.3,No,0.0,0.0,0.3,3
707,MM,257,3,1.99,2.29,0.0,0.4,0,1,0.0007740000000000001,1.89,1.99,-0.1,No,0.174672,0.0,0.3,3
708,MM,259,3,1.99,2.29,0.0,0.0,0,0,0.0006190000000000001,2.29,1.99,0.3,No,0.0,0.0,0.3,3
709,MM,259,3,1.99,2.29,0.0,0.0,0,0,0.000495,2.29,1.99,0.3,No,0.0,0.0,0.3,3
710,MM,260,3,1.99,2.09,0.0,0.0,0,0,0.000396,2.09,1.99,0.1,No,0.0,0.0,0.1,3
711,MM,263,3,1.99,2.09,0.0,0.0,0,0,0.000317,2.09,1.99,0.1,No,0.0,0.0,0.1,3
712,MM,264,3,1.99,2.09,0.1,0.0,0,0,0.000254,2.09,1.89,0.2,No,0.0,0.050251,0.1,3
713,MM,265,3,1.99,2.09,0.1,0.0,0,0,0.00020299999999999997,2.09,1.89,0.2,No,0.0,0.050251,0.1,3
714,MM,266,3,1.99,2.09,0.1,0.0,0,0,0.000162,2.09,1.89,0.2,No,0.0,0.050251,0.1,3
715,MM,267,3,1.99,2.09,0.1,0.0,0,0,0.00013000000000000002,2.09,1.89,0.2,No,0.0,0.050251,0.1,3
716,MM,267,3,1.99,2.09,0.1,0.0,0,0,0.00010400000000000001,2.09,1.89,0.2,No,0.0,0.050251,0.1,3
717,MM,268,3,1.99,2.09,0.1,0.0,0,0,8.3e-05,2.09,1.89,0.2,No,0.0,0.050251,0.1,3
718,MM,269,3,1.99,2.09,0.1,0.0,0,0,6.6e-05,2.09,1.89,0.2,No,0.0,0.050251,0.1,3
719,MM,269,3,1.99,2.09,0.1,0.0,0,0,5.3e-05,2.09,1.89,0.2,No,0.0,0.050251,0.1,3
720,MM,270,3,1.99,2.09,0.1,0.0,0,0,4.3e-05,2.09,1.89,0.2,No,0.0,0.050251,0.1,3
721,MM,271,3,1.99,2.09,0.1,0.4,1,0,3.4e-05,1.69,1.89,-0.2,No,0.191388,0.050251,0.1,3
722,MM,272,3,1.99,2.09,0.0,0.4,0,0,2.7000000000000002e-05,1.69,1.99,-0.3,No,0.191388,0.0,0.1,3
723,MM,273,3,1.99,2.09,0.0,0.4,0,0,2.2e-05,1.69,1.99,-0.3,No,0.191388,0.0,0.1,3
724,MM,274,3,1.99,2.09,0.0,0.4,0,0,1.7e-05,1.69,1.99,-0.3,No,0.191388,0.0,0.1,3
725,MM,275,3,2.09,2.09,0.0,0.4,0,0,1.4000000000000001e-05,1.69,2.09,-0.4,No,0.191388,0.0,0.0,3
726,MM,276,3,2.09,2.09,0.2,0.4,0,0,1.1e-05,1.69,1.89,-0.2,No,0.191388,0.095694,0.0,3
727,CH,269,7,1.86,2.13,0.27,0.0,1,0,0.5,2.13,1.59,0.54,Yes,0.0,0.14516099999999998,0.27,0
728,CH,270,7,1.86,2.13,0.27,0.0,1,0,0.6,2.13,1.59,0.54,Yes,0.0,0.14516099999999998,0.27,0
729,CH,275,1,1.96,2.13,0.0,0.74,0,1,0.68,1.39,1.96,-0.57,No,0.347418,0.0,0.17,1
730,MM,274,4,1.99,2.09,0.0,0.4,0,0,0.5,1.69,1.99,-0.3,No,0.191388,0.0,0.1,4
731,MM,275,4,2.09,2.09,0.0,0.4,0,0,0.4,1.69,2.09,-0.4,No,0.191388,0.0,0.0,4
732,MM,276,4,2.09,2.09,0.2,0.4,0,0,0.32,1.69,1.89,-0.2,No,0.191388,0.095694,0.0,4
733,MM,230,1,1.69,1.69,0.0,0.2,0,0,0.3072,1.49,1.69,-0.2,No,0.118343,0.0,0.0,1
734,MM,242,1,1.86,1.99,0.0,0.3,0,1,0.24575999999999998,1.69,1.86,-0.17,No,0.150754,0.0,0.13,1
735,CH,250,7,1.86,2.09,0.0,0.0,0,0,0.196608,2.09,1.86,0.23,Yes,0.0,0.0,0.23,0
736,MM,229,3,1.79,1.79,0.0,0.0,0,0,0.48,1.79,1.79,0.0,No,0.0,0.0,0.0,3
737,MM,246,3,1.99,2.23,0.0,0.0,0,0,0.384,2.23,1.99,0.24,No,0.0,0.0,0.24,3
738,MM,252,3,1.99,2.23,0.0,0.0,0,0,0.3072,2.23,1.99,0.24,No,0.0,0.0,0.24,3
739,CH,253,3,1.99,2.23,0.0,0.0,0,0,0.24575999999999998,2.23,1.99,0.24,No,0.0,0.0,0.24,3
740,CH,256,3,1.99,2.29,0.0,0.0,0,0,0.396608,2.29,1.99,0.3,No,0.0,0.0,0.3,3
741,CH,259,3,1.99,2.29,0.0,0.0,0,0,0.5172859999999999,2.29,1.99,0.3,No,0.0,0.0,0.3,3
742,CH,259,3,1.99,2.29,0.0,0.0,0,0,0.613829,2.29,1.99,0.3,No,0.0,0.0,0.3,3
743,CH,271,3,1.99,2.09,0.1,0.4,1,0,0.691063,1.69,1.89,-0.2,No,0.191388,0.050251,0.1,3
744,MM,275,3,2.09,2.09,0.0,0.4,0,0,0.752851,1.69,2.09,-0.4,No,0.191388,0.0,0.0,3
745,CH,233,7,1.75,1.99,0.0,0.4,1,0,0.5,1.59,1.75,-0.16,Yes,0.201005,0.0,0.24,0
746,MM,262,1,1.76,1.99,0.0,0.4,0,1,0.6,1.59,1.76,-0.17,No,0.201005,0.0,0.23,1
747,MM,234,3,1.79,2.09,0.0,0.0,0,0,0.256,2.09,1.79,0.3,No,0.0,0.0,0.3,3
748,MM,238,7,1.75,1.99,0.0,0.4,0,0,0.2048,1.59,1.75,-0.16,Yes,0.201005,0.0,0.24,0
749,CH,228,2,1.69,1.69,0.0,0.0,0,0,0.6,1.69,1.69,0.0,No,0.0,0.0,0.0,2
750,CH,229,7,1.69,1.69,0.0,0.2,0,1,0.68,1.49,1.69,-0.2,Yes,0.118343,0.0,0.0,0
751,CH,232,4,1.79,2.09,0.0,0.0,0,0,0.4,2.09,1.79,0.3,No,0.0,0.0,0.3,4
752,MM,232,1,1.69,1.99,0.0,0.0,1,0,0.52,1.99,1.69,0.3,No,0.0,0.0,0.3,1
753,CH,266,1,1.86,1.99,0.0,0.1,0,0,0.41600000000000004,1.89,1.86,0.03,No,0.050251,0.0,0.13,1
754,MM,241,1,1.86,1.99,0.0,0.3,0,1,0.3648,1.69,1.86,-0.17,No,0.150754,0.0,0.13,1
755,CH,248,2,1.89,2.09,0.0,0.0,0,0,0.29184,2.09,1.89,0.2,No,0.0,0.0,0.2,2
756,CH,273,1,1.86,2.18,0.0,0.0,0,0,0.433472,2.18,1.86,0.32,No,0.0,0.0,0.32,1
757,MM,256,2,1.89,2.18,0.13,0.0,0,0,0.5,2.18,1.76,0.42,No,0.0,0.06878300000000001,0.29,2
758,MM,259,2,1.86,2.18,0.0,0.4,0,1,0.4,1.78,1.86,-0.08,No,0.18348599999999998,0.0,0.32,2
759,MM,237,2,1.75,1.99,0.0,0.0,0,0,0.5648,1.99,1.75,0.24,No,0.0,0.0,0.24,2
760,CH,242,3,1.99,2.23,0.0,0.0,0,0,0.45183999999999996,2.23,1.99,0.24,No,0.0,0.0,0.24,3
761,CH,278,3,2.09,2.09,0.2,0.0,0,0,0.561472,2.09,1.89,0.2,No,0.0,0.095694,0.0,3
762,CH,250,2,1.89,2.09,0.0,0.0,0,0,0.6,2.09,1.89,0.2,No,0.0,0.0,0.2,2
763,CH,253,2,1.89,2.09,0.13,0.0,0,0,0.68,2.09,1.76,0.33,No,0.0,0.06878300000000001,0.2,2
764,CH,256,2,1.89,2.18,0.13,0.0,0,0,0.7440000000000001,2.18,1.76,0.42,No,0.0,0.06878300000000001,0.29,2
765,CH,260,2,1.86,2.18,0.0,0.7,0,0,0.7952,1.48,1.86,-0.38,No,0.321101,0.0,0.32,2
766,CH,261,2,1.86,2.18,0.0,0.0,0,0,0.83616,2.18,1.86,0.32,No,0.0,0.0,0.32,2
767,CH,263,7,1.86,2.13,0.27,0.0,0,0,0.868928,2.13,1.59,0.54,Yes,0.0,0.14516099999999998,0.27,0
768,MM,278,7,2.06,2.13,0.0,0.0,0,0,0.6,2.13,2.06,0.07,Yes,0.0,0.0,0.07,0
769,MM,228,2,1.69,1.69,0.0,0.0,0,0,0.5,1.69,1.69,0.0,No,0.0,0.0,0.0,2
770,MM,229,2,1.69,1.69,0.0,0.0,0,0,0.4,1.69,1.69,0.0,No,0.0,0.0,0.0,2
771,MM,235,2,1.69,1.99,0.0,0.0,0,0,0.32,1.99,1.69,0.3,No,0.0,0.0,0.3,2
772,MM,244,2,1.86,2.09,0.0,0.0,0,0,0.256,2.09,1.86,0.23,No,0.0,0.0,0.23,2
773,MM,245,2,1.89,2.09,0.0,0.0,0,0,0.2048,2.09,1.89,0.2,No,0.0,0.0,0.2,2
774,MM,248,2,1.89,2.09,0.0,0.0,0,0,0.16384,2.09,1.89,0.2,No,0.0,0.0,0.2,2
775,CH,232,7,1.69,1.99,0.0,0.4,1,1,0.6,1.59,1.69,-0.1,Yes,0.201005,0.0,0.3,0
776,MM,267,2,1.86,2.18,0.0,0.4,0,1,0.68,1.78,1.86,-0.08,No,0.18348599999999998,0.0,0.32,2
777,MM,260,1,1.76,1.99,0.0,0.2,0,0,0.6,1.79,1.76,0.03,No,0.100503,0.0,0.23,1
778,CH,276,2,1.99,2.18,0.0,0.0,0,1,0.5,2.18,1.99,0.19,No,0.0,0.0,0.19,2
779,CH,278,2,1.99,2.18,0.0,0.0,0,0,0.6,2.18,1.99,0.19,No,0.0,0.0,0.19,2
780,CH,232,1,1.69,1.99,0.0,0.0,1,0,0.586313,1.99,1.69,0.3,No,0.0,0.0,0.3,1
781,CH,247,1,1.86,2.09,0.0,0.0,0,0,0.66905,2.09,1.86,0.23,No,0.0,0.0,0.23,1
782,CH,250,1,1.86,2.09,0.0,0.0,0,0,0.73524,2.09,1.86,0.23,No,0.0,0.0,0.23,1
783,MM,230,3,1.79,1.79,0.0,0.0,0,0,0.131072,1.79,1.79,0.0,No,0.0,0.0,0.0,3
784,MM,232,3,1.79,2.09,0.0,0.0,0,0,0.10485799999999999,2.09,1.79,0.3,No,0.0,0.0,0.3,3
785,MM,233,3,1.79,2.09,0.0,0.0,0,0,0.083886,2.09,1.79,0.3,No,0.0,0.0,0.3,3
786,MM,234,3,1.79,2.09,0.0,0.0,0,0,0.067109,2.09,1.79,0.3,No,0.0,0.0,0.3,3
787,CH,273,3,1.99,2.09,0.0,0.4,0,0,0.053687,1.69,1.99,-0.3,No,0.191388,0.0,0.1,3
788,CH,274,7,1.86,2.13,0.47,0.54,1,0,0.5,1.59,1.39,0.2,Yes,0.253521,0.252688,0.27,0
789,MM,275,2,1.96,2.18,0.0,0.8,0,1,0.6,1.38,1.96,-0.58,No,0.36697199999999996,0.0,0.22,2
790,MM,241,3,1.79,2.23,0.0,0.0,0,0,0.5,2.23,1.79,0.44,No,0.0,0.0,0.44,3
791,CH,259,2,1.86,2.18,0.0,0.4,0,1,0.4,1.78,1.86,-0.08,No,0.18348599999999998,0.0,0.32,2
792,MM,237,1,1.75,1.99,0.0,0.0,0,0,0.10485799999999999,1.99,1.75,0.24,No,0.0,0.0,0.24,1
793,MM,257,1,1.76,2.18,0.0,0.0,0,0,0.083886,2.18,1.76,0.42,No,0.0,0.0,0.42,1
794,MM,259,1,1.76,1.99,0.0,0.2,0,1,0.067109,1.79,1.76,0.03,No,0.100503,0.0,0.23,1
795,MM,262,1,1.76,1.99,0.0,0.4,0,1,0.053687,1.59,1.76,-0.17,No,0.201005,0.0,0.23,1
796,MM,263,1,1.76,1.99,0.0,0.4,0,1,0.04295,1.59,1.76,-0.17,No,0.201005,0.0,0.23,1
797,MM,274,1,1.96,2.13,0.0,0.74,0,1,0.03436,1.39,1.96,-0.57,No,0.347418,0.0,0.17,1
798,MM,244,7,1.86,2.09,0.0,0.2,0,0,0.52,1.89,1.86,0.03,Yes,0.095694,0.0,0.23,0
799,MM,276,7,1.99,2.13,0.0,0.54,0,1,0.41600000000000004,1.59,1.99,-0.4,Yes,0.253521,0.0,0.14,0
800,MM,277,7,1.99,2.13,0.5,0.0,0,1,0.3328,2.13,1.49,0.64,Yes,0.0,0.251256,0.14,0
801,CH,237,3,1.79,2.09,0.0,0.0,0,0,0.5,2.09,1.79,0.3,No,0.0,0.0,0.3,3
802,CH,241,3,1.79,2.23,0.0,0.0,0,0,0.6,2.23,1.79,0.44,No,0.0,0.0,0.44,3
803,CH,256,7,1.86,2.18,0.0,0.0,0,0,0.5,2.18,1.86,0.32,Yes,0.0,0.0,0.32,0
804,CH,258,1,1.76,2.18,0.0,0.0,0,0,0.6,2.18,1.76,0.42,No,0.0,0.0,0.42,1
805,CH,259,7,1.86,2.18,0.0,0.0,0,0,0.68,2.18,1.86,0.32,Yes,0.0,0.0,0.32,0
806,CH,259,7,1.86,2.18,0.0,0.0,0,0,0.7440000000000001,2.18,1.86,0.32,Yes,0.0,0.0,0.32,0
807,CH,262,7,1.86,2.13,0.0,0.0,0,0,0.7952,2.13,1.86,0.27,Yes,0.0,0.0,0.27,0
808,CH,264,7,1.86,2.13,0.37,0.0,1,0,0.83616,2.13,1.49,0.64,Yes,0.0,0.198925,0.27,0
809,CH,265,7,1.86,2.13,0.37,0.0,1,0,0.868928,2.13,1.49,0.64,Yes,0.0,0.198925,0.27,0
810,CH,265,7,1.86,2.13,0.37,0.0,1,0,0.895142,2.13,1.49,0.64,Yes,0.0,0.198925,0.27,0
811,CH,266,7,1.86,2.13,0.37,0.0,1,0,0.916114,2.13,1.49,0.64,Yes,0.0,0.198925,0.27,0
812,CH,267,7,1.86,2.13,0.0,0.0,1,0,0.932891,2.13,1.86,0.27,Yes,0.0,0.0,0.27,0
813,CH,268,7,1.86,2.13,0.0,0.0,0,0,0.946313,2.13,1.86,0.27,Yes,0.0,0.0,0.27,0
814,CH,269,7,1.86,2.13,0.27,0.0,1,0,0.95705,2.13,1.59,0.54,Yes,0.0,0.14516099999999998,0.27,0
815,CH,269,1,1.86,2.18,0.0,0.0,0,0,0.9656399999999999,2.18,1.86,0.32,No,0.0,0.0,0.32,1
816,CH,270,7,1.86,2.13,0.27,0.0,1,0,0.972512,2.13,1.59,0.54,Yes,0.0,0.14516099999999998,0.27,0
817,CH,271,7,1.86,2.13,0.0,0.0,0,0,0.97801,2.13,1.86,0.27,Yes,0.0,0.0,0.27,0
818,CH,273,7,1.86,2.13,0.0,0.54,0,0,0.982408,1.59,1.86,-0.27,Yes,0.253521,0.0,0.27,0
819,CH,274,7,1.86,2.13,0.47,0.54,1,0,0.985926,1.59,1.39,0.2,Yes,0.253521,0.252688,0.27,0
820,CH,277,7,1.99,2.13,0.5,0.0,0,1,0.988741,2.13,1.49,0.64,Yes,0.0,0.251256,0.14,0
821,CH,228,4,1.79,1.79,0.0,0.0,0,0,0.740314,1.79,1.79,0.0,No,0.0,0.0,0.0,4
822,CH,229,4,1.79,1.79,0.0,0.0,0,0,0.792251,1.79,1.79,0.0,No,0.0,0.0,0.0,4
823,CH,231,4,1.79,1.79,0.0,0.0,0,0,0.833801,1.79,1.79,0.0,No,0.0,0.0,0.0,4
824,CH,232,4,1.79,2.09,0.0,0.0,0,0,0.867041,2.09,1.79,0.3,No,0.0,0.0,0.3,4
825,CH,240,4,1.79,2.23,0.0,0.0,0,0,0.893632,2.23,1.79,0.44,No,0.0,0.0,0.44,4
826,CH,244,4,1.99,2.23,0.0,0.0,0,0,0.914906,2.23,1.99,0.24,No,0.0,0.0,0.24,4
827,CH,248,1,1.86,2.09,0.0,0.0,0,0,0.931925,2.09,1.86,0.23,No,0.0,0.0,0.23,1
828,CH,251,4,1.99,2.23,0.0,0.0,0,0,0.9455399999999999,2.23,1.99,0.24,No,0.0,0.0,0.24,4
829,CH,270,4,1.99,2.09,0.1,0.0,0,0,0.956432,2.09,1.89,0.2,No,0.0,0.050251,0.1,4
830,CH,274,4,1.99,2.09,0.0,0.4,0,0,0.965145,1.69,1.99,-0.3,No,0.191388,0.0,0.1,4
831,MM,228,2,1.69,1.69,0.0,0.0,0,0,0.32,1.69,1.69,0.0,No,0.0,0.0,0.0,2
832,MM,237,3,1.79,2.09,0.0,0.0,0,0,0.256,2.09,1.79,0.3,No,0.0,0.0,0.3,3
833,MM,241,3,1.79,2.23,0.0,0.0,0,0,0.2048,2.23,1.79,0.44,No,0.0,0.0,0.44,3
834,MM,252,3,1.99,2.23,0.0,0.0,0,0,0.16384,2.23,1.99,0.24,No,0.0,0.0,0.24,3
835,MM,231,4,1.79,1.79,0.0,0.0,0,0,0.6,1.79,1.79,0.0,No,0.0,0.0,0.0,4
836,CH,251,4,1.99,2.23,0.0,0.0,0,0,0.48,2.23,1.99,0.24,No,0.0,0.0,0.24,4
837,MM,243,1,1.86,1.99,0.0,0.8,0,1,0.32,1.19,1.86,-0.67,No,0.40201,0.0,0.13,1
838,MM,262,2,1.86,2.18,0.0,0.6,0,1,0.256,1.58,1.86,-0.28,No,0.275229,0.0,0.32,2
839,MM,268,1,1.86,1.99,0.0,0.2,0,1,0.2048,1.79,1.86,-0.07,No,0.100503,0.0,0.13,1
840,CH,268,2,1.86,2.18,0.0,0.0,0,1,0.16384,2.18,1.86,0.32,No,0.0,0.0,0.32,2
841,MM,270,2,1.86,2.18,0.0,0.0,0,0,0.331072,2.18,1.86,0.32,No,0.0,0.0,0.32,2
842,CH,273,2,1.86,2.18,0.0,0.06,0,0,0.264858,2.12,1.86,0.26,No,0.027523000000000002,0.0,0.32,2
843,MM,274,7,1.86,2.13,0.47,0.54,1,0,0.411886,1.59,1.39,0.2,Yes,0.253521,0.252688,0.27,0
844,MM,274,2,1.96,2.18,0.0,0.8,0,1,0.329509,1.38,1.96,-0.58,No,0.36697199999999996,0.0,0.22,2
845,MM,274,2,1.96,2.18,0.0,0.8,0,1,0.26360700000000004,1.38,1.96,-0.58,No,0.36697199999999996,0.0,0.22,2
846,MM,275,2,1.96,2.18,0.0,0.8,0,1,0.21088600000000002,1.38,1.96,-0.58,No,0.36697199999999996,0.0,0.22,2
847,MM,275,2,1.96,2.18,0.0,0.8,0,1,0.168709,1.38,1.96,-0.58,No,0.36697199999999996,0.0,0.22,2
848,MM,234,7,1.75,1.99,0.0,0.4,1,0,0.5,1.59,1.75,-0.16,Yes,0.201005,0.0,0.24,0
849,CH,269,7,1.86,2.13,0.27,0.0,1,0,0.4,2.13,1.59,0.54,Yes,0.0,0.14516099999999998,0.27,0
850,CH,232,1,1.69,1.99,0.0,0.0,1,0,0.7952,1.99,1.69,0.3,No,0.0,0.0,0.3,1
851,CH,232,1,1.69,1.99,0.0,0.0,1,0,0.83616,1.99,1.69,0.3,No,0.0,0.0,0.3,1
852,CH,234,1,1.69,1.99,0.0,0.0,0,0,0.868928,1.99,1.69,0.3,No,0.0,0.0,0.3,1
853,CH,237,1,1.75,1.99,0.0,0.0,0,0,0.895142,1.99,1.75,0.24,No,0.0,0.0,0.24,1
854,CH,240,7,1.86,2.09,0.0,0.0,0,0,0.916114,2.09,1.86,0.23,Yes,0.0,0.0,0.23,0
855,CH,242,1,1.86,1.99,0.0,0.3,0,1,0.932891,1.69,1.86,-0.17,No,0.150754,0.0,0.13,1
856,CH,246,1,1.86,2.09,0.0,0.0,0,0,0.946313,2.09,1.86,0.23,No,0.0,0.0,0.23,1
857,CH,251,7,1.86,2.09,0.1,0.0,0,0,0.95705,2.09,1.76,0.33,Yes,0.0,0.053763,0.23,0
858,CH,253,7,1.86,2.09,0.1,0.0,0,0,0.9656399999999999,2.09,1.76,0.33,Yes,0.0,0.053763,0.23,0
859,CH,259,1,1.76,1.99,0.0,0.2,0,1,0.972512,1.79,1.76,0.03,No,0.100503,0.0,0.23,1
860,CH,274,7,1.86,2.13,0.47,0.54,1,0,0.97801,1.59,1.39,0.2,Yes,0.253521,0.252688,0.27,0
861,MM,234,7,1.75,1.99,0.0,0.4,1,0,0.5,1.59,1.75,-0.16,Yes,0.201005,0.0,0.24,0
862,CH,256,7,1.86,2.18,0.0,0.0,0,0,0.4,2.18,1.86,0.32,Yes,0.0,0.0,0.32,0
863,CH,228,7,1.69,1.69,0.0,0.0,0,0,0.351365,1.69,1.69,0.0,Yes,0.0,0.0,0.0,0
864,MM,231,7,1.69,1.99,0.0,0.0,0,0,0.481092,1.99,1.69,0.3,Yes,0.0,0.0,0.3,0
865,CH,233,7,1.75,1.99,0.0,0.4,1,0,0.384874,1.59,1.75,-0.16,Yes,0.201005,0.0,0.24,0
866,CH,236,7,1.75,1.99,0.0,0.4,0,0,0.507899,1.59,1.75,-0.16,Yes,0.201005,0.0,0.24,0
867,MM,260,4,1.99,2.09,0.0,0.0,0,0,0.6063189999999999,2.09,1.99,0.1,No,0.0,0.0,0.1,4
868,CH,268,7,1.86,2.13,0.0,0.0,0,0,0.485055,2.13,1.86,0.27,Yes,0.0,0.0,0.27,0
869,CH,269,7,1.86,2.13,0.27,0.0,1,0,0.588044,2.13,1.59,0.54,Yes,0.0,0.14516099999999998,0.27,0
870,CH,274,7,1.86,2.13,0.47,0.54,1,0,0.670435,1.59,1.39,0.2,Yes,0.253521,0.252688,0.27,0
871,MM,275,7,1.99,2.13,0.0,0.54,1,0,0.736348,1.59,1.99,-0.4,Yes,0.253521,0.0,0.14,0
872,MM,276,7,1.99,2.13,0.0,0.54,0,1,0.589079,1.59,1.99,-0.4,Yes,0.253521,0.0,0.14,0
873,CH,248,4,1.99,2.23,0.0,0.0,0,0,0.5,2.23,1.99,0.24,No,0.0,0.0,0.24,4
874,CH,251,4,1.99,2.23,0.0,0.0,0,0,0.6,2.23,1.99,0.24,No,0.0,0.0,0.24,4
875,CH,254,4,1.99,2.29,0.0,0.0,1,0,0.68,2.29,1.99,0.3,No,0.0,0.0,0.3,4
876,CH,256,4,1.99,2.29,0.0,0.0,0,0,0.7440000000000001,2.29,1.99,0.3,No,0.0,0.0,0.3,4
877,MM,258,4,1.99,2.29,0.0,0.0,0,0,0.7952,2.29,1.99,0.3,No,0.0,0.0,0.3,4
878,CH,260,4,1.99,2.09,0.0,0.0,0,0,0.6361600000000001,2.09,1.99,0.1,No,0.0,0.0,0.1,4
879,CH,262,4,1.99,2.09,0.0,0.0,0,0,0.708928,2.09,1.99,0.1,No,0.0,0.0,0.1,4
880,CH,264,4,1.99,2.09,0.1,0.0,0,0,0.767142,2.09,1.89,0.2,No,0.0,0.050251,0.1,4
881,CH,267,4,1.99,2.09,0.1,0.0,0,0,0.813714,2.09,1.89,0.2,No,0.0,0.050251,0.1,4
882,CH,277,4,2.09,2.09,0.2,0.4,0,0,0.8509709999999999,1.69,1.89,-0.2,No,0.191388,0.095694,0.0,4
883,MM,236,7,1.75,1.99,0.0,0.4,0,0,0.4,1.59,1.75,-0.16,Yes,0.201005,0.0,0.24,0
884,CH,233,7,1.75,1.99,0.0,0.4,1,0,0.6,1.59,1.75,-0.16,Yes,0.201005,0.0,0.24,0
885,MM,262,1,1.76,1.99,0.0,0.4,0,1,0.68,1.59,1.76,-0.17,No,0.201005,0.0,0.23,1
886,CH,265,7,1.86,2.13,0.37,0.0,1,0,0.544,2.13,1.49,0.64,Yes,0.0,0.198925,0.27,0
887,CH,269,7,1.86,2.13,0.27,0.0,1,0,0.6352,2.13,1.59,0.54,Yes,0.0,0.14516099999999998,0.27,0
888,CH,273,1,1.86,2.18,0.0,0.0,0,0,0.70816,2.18,1.86,0.32,No,0.0,0.0,0.32,1
889,CH,274,7,1.86,2.13,0.47,0.54,1,0,0.766528,1.59,1.39,0.2,Yes,0.253521,0.252688,0.27,0
890,CH,252,7,1.86,2.09,0.1,0.0,0,0,0.5,2.09,1.76,0.33,Yes,0.0,0.053763,0.23,0
891,CH,253,7,1.86,2.09,0.1,0.0,0,0,0.6,2.09,1.76,0.33,Yes,0.0,0.053763,0.23,0
892,CH,254,7,1.86,2.18,0.0,0.0,0,0,0.68,2.18,1.86,0.32,Yes,0.0,0.0,0.32,0
893,CH,256,7,1.86,2.18,0.0,0.0,0,0,0.7440000000000001,2.18,1.86,0.32,Yes,0.0,0.0,0.32,0
894,CH,257,7,1.86,2.18,0.0,0.0,0,0,0.7952,2.18,1.86,0.32,Yes,0.0,0.0,0.32,0
895,CH,258,7,1.86,2.18,0.0,0.0,0,0,0.83616,2.18,1.86,0.32,Yes,0.0,0.0,0.32,0
896,CH,259,7,1.86,2.18,0.0,0.0,0,0,0.868928,2.18,1.86,0.32,Yes,0.0,0.0,0.32,0
897,CH,260,7,1.86,2.13,0.0,0.24,0,0,0.895142,1.89,1.86,0.03,Yes,0.112676,0.0,0.27,0
898,CH,262,7,1.86,2.13,0.0,0.0,0,0,0.916114,2.13,1.86,0.27,Yes,0.0,0.0,0.27,0
899,CH,265,7,1.86,2.13,0.37,0.0,1,0,0.932891,2.13,1.49,0.64,Yes,0.0,0.198925,0.27,0
900,CH,266,7,1.86,2.13,0.37,0.0,1,0,0.946313,2.13,1.49,0.64,Yes,0.0,0.198925,0.27,0
901,CH,269,7,1.86,2.13,0.27,0.0,1,0,0.95705,2.13,1.59,0.54,Yes,0.0,0.14516099999999998,0.27,0
902,CH,274,7,1.86,2.13,0.47,0.54,1,0,0.9656399999999999,1.59,1.39,0.2,Yes,0.253521,0.252688,0.27,0
903,MM,275,7,1.99,2.13,0.0,0.54,1,0,0.972512,1.59,1.99,-0.4,Yes,0.253521,0.0,0.14,0
904,CH,277,7,1.99,2.13,0.5,0.0,0,1,0.7780100000000001,2.13,1.49,0.64,Yes,0.0,0.251256,0.14,0
905,MM,231,7,1.69,1.99,0.0,0.0,0,0,0.256,1.99,1.69,0.3,Yes,0.0,0.0,0.3,0
906,MM,233,7,1.75,1.99,0.0,0.4,1,0,0.2048,1.59,1.75,-0.16,Yes,0.201005,0.0,0.24,0
907,CH,238,1,1.75,1.99,0.0,0.0,0,0,0.16384,1.99,1.75,0.24,No,0.0,0.0,0.24,1
908,CH,247,1,1.86,2.09,0.0,0.0,0,0,0.331072,2.09,1.86,0.23,No,0.0,0.0,0.23,1
909,CH,273,1,1.86,2.18,0.0,0.0,0,0,0.464858,2.18,1.86,0.32,No,0.0,0.0,0.32,1
910,MM,275,1,1.96,2.13,0.0,0.74,0,1,0.571886,1.39,1.96,-0.57,No,0.347418,0.0,0.17,1
911,MM,276,2,1.99,2.18,0.0,0.0,0,1,0.32,2.18,1.99,0.19,No,0.0,0.0,0.19,2
912,CH,236,2,1.75,1.99,0.0,0.0,0,0,0.5,1.99,1.75,0.24,No,0.0,0.0,0.24,2
913,MM,273,2,1.86,2.18,0.0,0.06,0,0,0.6,2.12,1.86,0.26,No,0.027523000000000002,0.0,0.32,2
914,MM,247,2,1.89,2.09,0.0,0.0,0,0,0.68,2.09,1.89,0.2,No,0.0,0.0,0.2,2
915,MM,246,2,1.89,2.09,0.0,0.0,0,0,0.5,2.09,1.89,0.2,No,0.0,0.0,0.2,2
916,CH,246,2,1.89,2.09,0.0,0.0,0,0,0.4,2.09,1.89,0.2,No,0.0,0.0,0.2,2
917,MM,266,3,1.99,2.09,0.1,0.0,0,0,0.52,2.09,1.89,0.2,No,0.0,0.050251,0.1,3
918,MM,277,1,1.99,2.13,0.24,0.0,0,0,0.41600000000000004,2.13,1.75,0.38,No,0.0,0.120603,0.14,1
919,CH,268,2,1.86,2.18,0.0,0.0,0,1,0.4,2.18,1.86,0.32,No,0.0,0.0,0.32,2
920,CH,269,7,1.86,2.13,0.27,0.0,1,0,0.52,2.13,1.59,0.54,Yes,0.0,0.14516099999999998,0.27,0
921,CH,269,2,1.86,2.18,0.0,0.0,0,0,0.616,2.18,1.86,0.32,No,0.0,0.0,0.32,2
922,MM,272,2,1.86,2.18,0.0,0.06,0,0,0.6928,2.12,1.86,0.26,No,0.027523000000000002,0.0,0.32,2
923,MM,275,7,1.99,2.13,0.0,0.54,1,0,0.55424,1.59,1.99,-0.4,Yes,0.253521,0.0,0.14,0
924,MM,276,7,1.99,2.13,0.0,0.54,0,1,0.443392,1.59,1.99,-0.4,Yes,0.253521,0.0,0.14,0
925,MM,231,3,1.79,1.79,0.0,0.0,0,0,0.4,1.79,1.79,0.0,No,0.0,0.0,0.0,3
926,MM,231,3,1.79,1.79,0.0,0.0,0,0,0.32,1.79,1.79,0.0,No,0.0,0.0,0.0,3
927,MM,231,3,1.79,1.79,0.0,0.0,0,0,0.256,1.79,1.79,0.0,No,0.0,0.0,0.0,3
928,MM,234,3,1.79,2.09,0.0,0.0,0,0,0.2048,2.09,1.79,0.3,No,0.0,0.0,0.3,3
929,MM,236,3,1.79,2.09,0.0,0.0,0,0,0.16384,2.09,1.79,0.3,No,0.0,0.0,0.3,3
930,CH,242,3,1.99,2.23,0.0,0.0,0,0,0.131072,2.23,1.99,0.24,No,0.0,0.0,0.24,3
931,CH,227,4,1.79,1.79,0.0,0.0,0,1,0.5,1.79,1.79,0.0,No,0.0,0.0,0.0,4
932,CH,251,4,1.99,2.23,0.0,0.0,0,0,0.6,2.23,1.99,0.24,No,0.0,0.0,0.24,4
933,CH,272,3,1.99,2.09,0.0,0.4,0,0,0.6,1.69,1.99,-0.3,No,0.191388,0.0,0.1,3
934,MM,227,2,1.69,1.69,0.0,0.0,0,0,0.21188600000000002,1.69,1.69,0.0,No,0.0,0.0,0.0,2
935,MM,229,2,1.69,1.69,0.0,0.0,0,0,0.169509,1.69,1.69,0.0,No,0.0,0.0,0.0,2
936,MM,231,2,1.69,1.69,0.3,0.0,1,0,0.135607,1.69,1.39,0.3,No,0.0,0.177515,0.0,2
937,MM,233,2,1.69,1.69,0.0,0.0,0,0,0.10848599999999999,1.69,1.69,0.0,No,0.0,0.0,0.0,2
938,MM,237,2,1.75,1.99,0.0,0.0,0,0,0.086789,1.99,1.75,0.24,No,0.0,0.0,0.24,2
939,MM,249,2,1.89,2.09,0.0,0.0,0,0,0.06943099999999999,2.09,1.89,0.2,No,0.0,0.0,0.2,2
940,MM,250,2,1.89,2.09,0.0,0.0,0,0,0.055545000000000004,2.09,1.89,0.2,No,0.0,0.0,0.2,2
941,MM,251,2,1.89,2.09,0.13,0.0,0,0,0.044436,2.09,1.76,0.33,No,0.0,0.06878300000000001,0.2,2
942,MM,255,2,1.89,2.18,0.13,0.0,0,0,0.035549000000000004,2.18,1.76,0.42,No,0.0,0.06878300000000001,0.29,2
943,MM,256,3,1.99,2.29,0.0,0.0,0,0,0.028439,2.29,1.99,0.3,No,0.0,0.0,0.3,3
944,MM,256,2,1.89,2.18,0.13,0.0,0,0,0.022751,2.18,1.76,0.42,No,0.0,0.06878300000000001,0.29,2
945,MM,258,2,1.86,2.18,0.0,0.0,0,0,0.018201,2.18,1.86,0.32,No,0.0,0.0,0.32,2
946,MM,259,7,1.86,2.18,0.0,0.0,0,0,0.014561000000000001,2.18,1.86,0.32,Yes,0.0,0.0,0.32,0
947,MM,260,3,1.99,2.09,0.0,0.0,0,0,0.011649,2.09,1.99,0.1,No,0.0,0.0,0.1,3
948,MM,262,2,1.86,2.18,0.0,0.6,0,1,0.009319,1.58,1.86,-0.28,No,0.275229,0.0,0.32,2
949,MM,263,2,1.86,2.18,0.0,0.0,0,1,0.007455,2.18,1.86,0.32,No,0.0,0.0,0.32,2
950,MM,265,2,1.86,2.18,0.0,0.0,0,0,0.005964,2.18,1.86,0.32,No,0.0,0.0,0.32,2
951,MM,266,2,1.86,2.18,0.0,0.0,0,0,0.004771,2.18,1.86,0.32,No,0.0,0.0,0.32,2
952,MM,267,2,1.86,2.18,0.0,0.4,0,1,0.003817,1.78,1.86,-0.08,No,0.18348599999999998,0.0,0.32,2
953,MM,268,3,1.99,2.09,0.1,0.0,0,0,0.003054,2.09,1.89,0.2,No,0.0,0.050251,0.1,3
954,CH,269,2,1.86,2.18,0.0,0.0,0,0,0.002443,2.18,1.86,0.32,No,0.0,0.0,0.32,2
955,CH,270,2,1.86,2.18,0.0,0.0,0,0,0.201954,2.18,1.86,0.32,No,0.0,0.0,0.32,2
956,MM,271,3,1.99,2.09,0.1,0.4,1,0,0.361563,1.69,1.89,-0.2,No,0.191388,0.050251,0.1,3
957,MM,273,3,1.99,2.09,0.0,0.4,0,0,0.28925100000000004,1.69,1.99,-0.3,No,0.191388,0.0,0.1,3
958,MM,275,2,1.96,2.18,0.0,0.8,0,1,0.23140100000000002,1.38,1.96,-0.58,No,0.36697199999999996,0.0,0.22,2
959,MM,276,2,1.99,2.18,0.0,0.0,0,1,0.18512,2.18,1.99,0.19,No,0.0,0.0,0.19,2
960,MM,277,2,1.99,2.18,0.0,0.0,0,0,0.148096,2.18,1.99,0.19,No,0.0,0.0,0.19,2
961,MM,232,1,1.69,1.99,0.0,0.0,1,0,0.48,1.99,1.69,0.3,No,0.0,0.0,0.3,1
962,CH,227,1,1.69,1.69,0.0,0.0,0,0,0.6,1.69,1.69,0.0,No,0.0,0.0,0.0,1
963,MM,229,1,1.69,1.69,0.0,0.0,0,0,0.68,1.69,1.69,0.0,No,0.0,0.0,0.0,1
964,MM,230,1,1.69,1.69,0.0,0.2,0,0,0.544,1.49,1.69,-0.2,No,0.118343,0.0,0.0,1
965,CH,233,1,1.69,1.99,0.0,0.0,0,0,0.4352,1.99,1.69,0.3,No,0.0,0.0,0.3,1
966,MM,236,1,1.75,1.99,0.0,0.0,0,0,0.5481600000000001,1.99,1.75,0.24,No,0.0,0.0,0.24,1
967,MM,237,1,1.75,1.99,0.0,0.0,0,0,0.438528,1.99,1.75,0.24,No,0.0,0.0,0.24,1
968,MM,238,1,1.75,1.99,0.0,0.0,0,0,0.35082199999999997,1.99,1.75,0.24,No,0.0,0.0,0.24,1
969,MM,239,1,1.75,1.99,0.0,0.3,0,1,0.280658,1.69,1.75,-0.06,No,0.150754,0.0,0.24,1
970,MM,240,1,1.75,1.99,0.0,0.3,0,1,0.22452600000000003,1.69,1.75,-0.06,No,0.150754,0.0,0.24,1
971,MM,241,1,1.86,1.99,0.0,0.3,0,1,0.179621,1.69,1.86,-0.17,No,0.150754,0.0,0.13,1
972,CH,242,1,1.86,1.99,0.0,0.3,0,1,0.143697,1.69,1.86,-0.17,No,0.150754,0.0,0.13,1
973,MM,243,1,1.86,1.99,0.0,0.8,0,1,0.31495700000000004,1.19,1.86,-0.67,No,0.40201,0.0,0.13,1
974,MM,244,1,1.86,2.09,0.0,0.0,0,0,0.25196599999999997,2.09,1.86,0.23,No,0.0,0.0,0.23,1
975,MM,246,1,1.86,2.09,0.0,0.0,0,0,0.201573,2.09,1.86,0.23,No,0.0,0.0,0.23,1
976,MM,275,1,1.96,2.13,0.0,0.74,0,1,0.16125799999999998,1.39,1.96,-0.57,No,0.347418,0.0,0.17,1
977,MM,276,1,1.99,2.13,0.0,0.0,0,1,0.12900699999999998,2.13,1.99,0.14,No,0.0,0.0,0.14,1
978,MM,277,1,1.99,2.13,0.24,0.0,0,0,0.10320499999999999,2.13,1.75,0.38,No,0.0,0.120603,0.14,1
979,MM,278,1,1.99,2.13,0.24,0.0,0,0,0.082564,2.13,1.75,0.38,No,0.0,0.120603,0.14,1
980,CH,233,7,1.75,1.99,0.0,0.4,1,0,0.4,1.59,1.75,-0.16,Yes,0.201005,0.0,0.24,0
981,CH,254,7,1.86,2.18,0.0,0.0,0,0,0.52,2.18,1.86,0.32,Yes,0.0,0.0,0.32,0
982,MM,262,1,1.76,1.99,0.0,0.4,0,1,0.616,1.59,1.76,-0.17,No,0.201005,0.0,0.23,1
983,CH,264,7,1.86,2.13,0.37,0.0,1,0,0.4928,2.13,1.49,0.64,Yes,0.0,0.198925,0.27,0
984,CH,265,7,1.86,2.13,0.37,0.0,1,0,0.59424,2.13,1.49,0.64,Yes,0.0,0.198925,0.27,0
985,CH,269,7,1.86,2.13,0.27,0.0,1,0,0.675392,2.13,1.59,0.54,Yes,0.0,0.14516099999999998,0.27,0
986,MM,274,1,1.96,2.13,0.0,0.74,0,1,0.740314,1.39,1.96,-0.57,No,0.347418,0.0,0.17,1
987,CH,274,7,1.86,2.13,0.47,0.54,1,0,0.592251,1.59,1.39,0.2,Yes,0.253521,0.252688,0.27,0
988,CH,269,3,1.99,2.09,0.1,0.0,0,0,0.5,2.09,1.89,0.2,No,0.0,0.050251,0.1,3
989,MM,271,3,1.99,2.09,0.1,0.4,1,0,0.6,1.69,1.89,-0.2,No,0.191388,0.050251,0.1,3
990,MM,253,7,1.86,2.09,0.1,0.0,0,0,0.5,2.09,1.76,0.33,Yes,0.0,0.053763,0.23,0
991,MM,275,2,1.96,2.18,0.0,0.8,0,1,0.4,1.38,1.96,-0.58,No,0.36697199999999996,0.0,0.22,2
992,MM,229,7,1.69,1.69,0.0,0.2,0,1,0.5,1.49,1.69,-0.2,Yes,0.118343,0.0,0.0,0
993,MM,239,4,1.79,2.23,0.0,0.0,0,0,0.4,2.23,1.79,0.44,No,0.0,0.0,0.44,4
994,MM,243,4,1.99,2.23,0.0,0.0,0,0,0.32,2.23,1.99,0.24,No,0.0,0.0,0.24,4
995,MM,258,7,1.86,2.18,0.0,0.0,0,0,0.256,2.18,1.86,0.32,Yes,0.0,0.0,0.32,0
996,CH,229,7,1.69,1.69,0.0,0.2,0,1,0.6,1.49,1.69,-0.2,Yes,0.118343,0.0,0.0,0
997,MM,231,7,1.69,1.99,0.0,0.0,0,0,0.68,1.99,1.69,0.3,Yes,0.0,0.0,0.3,0
998,CH,254,7,1.86,2.18,0.0,0.0,0,0,0.544,2.18,1.86,0.32,Yes,0.0,0.0,0.32,0
999,MM,275,7,1.99,2.13,0.0,0.54,1,0,0.6352,1.59,1.99,-0.4,Yes,0.253521,0.0,0.14,0
1000,MM,228,2,1.69,1.69,0.0,0.0,0,0,0.4,1.69,1.69,0.0,No,0.0,0.0,0.0,2
1001,MM,263,2,1.86,2.18,0.0,0.0,0,1,0.32,2.18,1.86,0.32,No,0.0,0.0,0.32,2
1002,MM,227,3,1.79,1.79,0.0,0.0,0,1,0.16384,1.79,1.79,0.0,No,0.0,0.0,0.0,3
1003,MM,235,3,1.79,2.09,0.0,0.0,0,0,0.131072,2.09,1.79,0.3,No,0.0,0.0,0.3,3
1004,MM,238,3,1.79,2.09,0.0,0.0,0,0,0.10485799999999999,2.09,1.79,0.3,No,0.0,0.0,0.3,3
1005,MM,260,3,1.99,2.09,0.0,0.0,0,0,0.083886,2.09,1.99,0.1,No,0.0,0.0,0.1,3
1006,CH,272,3,1.99,2.09,0.0,0.4,0,0,0.067109,1.69,1.99,-0.3,No,0.191388,0.0,0.1,3
1007,MM,272,3,1.99,2.09,0.0,0.4,0,0,0.253687,1.69,1.99,-0.3,No,0.191388,0.0,0.1,3
1008,CH,229,7,1.69,1.69,0.0,0.2,0,1,0.4,1.49,1.69,-0.2,Yes,0.118343,0.0,0.0,0
1009,CH,230,7,1.69,1.99,0.0,0.0,0,1,0.5648,1.99,1.69,0.3,Yes,0.0,0.0,0.3,0
1010,CH,231,7,1.69,1.99,0.0,0.0,0,0,0.65184,1.99,1.69,0.3,Yes,0.0,0.0,0.3,0
1011,CH,232,7,1.69,1.99,0.0,0.4,1,1,0.721472,1.59,1.69,-0.1,Yes,0.201005,0.0,0.3,0
1012,CH,233,7,1.75,1.99,0.0,0.4,1,0,0.7771779999999999,1.59,1.75,-0.16,Yes,0.201005,0.0,0.24,0
1013,CH,233,7,1.75,1.99,0.0,0.4,1,0,0.821742,1.59,1.75,-0.16,Yes,0.201005,0.0,0.24,0
1014,CH,234,1,1.69,1.99,0.0,0.0,0,0,0.8573940000000001,1.99,1.69,0.3,No,0.0,0.0,0.3,1
1015,CH,235,7,1.75,1.99,0.0,0.4,0,0,0.885915,1.59,1.75,-0.16,Yes,0.201005,0.0,0.24,0
1016,CH,236,7,1.75,1.99,0.0,0.4,0,0,0.908732,1.59,1.75,-0.16,Yes,0.201005,0.0,0.24,0
1017,CH,237,7,1.75,1.99,0.0,0.4,0,0,0.9269860000000001,1.59,1.75,-0.16,Yes,0.201005,0.0,0.24,0
1018,CH,240,7,1.86,2.09,0.0,0.0,0,0,0.9415879999999999,2.09,1.86,0.23,Yes,0.0,0.0,0.23,0
1019,MM,240,7,1.86,2.09,0.0,0.0,0,0,0.9532709999999999,2.09,1.86,0.23,Yes,0.0,0.0,0.23,0
1020,MM,244,7,1.86,2.09,0.0,0.2,0,0,0.762617,1.89,1.86,0.03,Yes,0.095694,0.0,0.23,0
1021,CH,252,2,1.89,2.09,0.13,0.0,0,0,0.610093,2.09,1.76,0.33,No,0.0,0.06878300000000001,0.2,2
1022,MM,254,4,1.99,2.29,0.0,0.0,1,0,0.688075,2.29,1.99,0.3,No,0.0,0.0,0.3,4
1023,CH,256,2,1.89,2.18,0.13,0.0,0,0,0.5504600000000001,2.18,1.76,0.42,No,0.0,0.06878300000000001,0.29,2
1024,CH,258,4,1.99,2.29,0.0,0.0,0,0,0.640368,2.29,1.99,0.3,No,0.0,0.0,0.3,4
1025,CH,260,7,1.86,2.13,0.0,0.24,0,0,0.712294,1.89,1.86,0.03,Yes,0.112676,0.0,0.27,0
1026,CH,260,7,1.86,2.13,0.0,0.24,0,0,0.769835,1.89,1.86,0.03,Yes,0.112676,0.0,0.27,0
1027,CH,260,1,1.76,1.99,0.0,0.2,0,0,0.815868,1.79,1.76,0.03,No,0.100503,0.0,0.23,1
1028,CH,263,7,1.86,2.13,0.27,0.0,0,0,0.8526950000000001,2.13,1.59,0.54,Yes,0.0,0.14516099999999998,0.27,0
1029,CH,265,7,1.86,2.13,0.37,0.0,1,0,0.8821559999999999,2.13,1.49,0.64,Yes,0.0,0.198925,0.27,0
1030,CH,265,7,1.86,2.13,0.37,0.0,1,0,0.905725,2.13,1.49,0.64,Yes,0.0,0.198925,0.27,0
1031,CH,269,4,1.99,2.09,0.1,0.0,0,0,0.92458,2.09,1.89,0.2,No,0.0,0.050251,0.1,4
1032,CH,270,7,1.86,2.13,0.27,0.0,1,0,0.9396639999999999,2.13,1.59,0.54,Yes,0.0,0.14516099999999998,0.27,0
1033,CH,272,4,1.99,2.09,0.0,0.4,0,0,0.951731,1.69,1.99,-0.3,No,0.191388,0.0,0.1,4
1034,CH,277,7,1.99,2.13,0.5,0.0,0,1,0.961385,2.13,1.49,0.64,Yes,0.0,0.251256,0.14,0
1035,MM,228,1,1.69,1.69,0.0,0.0,0,0,0.5,1.69,1.69,0.0,No,0.0,0.0,0.0,1
1036,MM,228,1,1.69,1.69,0.0,0.0,0,0,0.4,1.69,1.69,0.0,No,0.0,0.0,0.0,1
1037,MM,233,1,1.69,1.99,0.0,0.0,0,0,0.5,1.99,1.69,0.3,No,0.0,0.0,0.3,1
1038,MM,235,1,1.69,1.99,0.0,0.0,0,0,0.4,1.99,1.69,0.3,No,0.0,0.0,0.3,1
1039,CH,237,7,1.75,1.99,0.0,0.4,0,0,0.32,1.59,1.75,-0.16,Yes,0.201005,0.0,0.24,0
1040,CH,238,1,1.75,1.99,0.0,0.0,0,0,0.456,1.99,1.75,0.24,No,0.0,0.0,0.24,1
1041,CH,238,1,1.75,1.99,0.0,0.0,0,0,0.5648,1.99,1.75,0.24,No,0.0,0.0,0.24,1
1042,CH,239,1,1.75,1.99,0.0,0.3,0,1,0.65184,1.69,1.75,-0.06,No,0.150754,0.0,0.24,1
1043,CH,240,1,1.75,1.99,0.0,0.3,0,1,0.721472,1.69,1.75,-0.06,No,0.150754,0.0,0.24,1
1044,CH,241,1,1.86,1.99,0.0,0.3,0,1,0.7771779999999999,1.69,1.86,-0.17,No,0.150754,0.0,0.13,1
1045,CH,252,1,1.76,2.09,0.0,0.0,0,0,0.821742,2.09,1.76,0.33,No,0.0,0.0,0.33,1
1046,CH,253,1,1.76,2.09,0.0,0.0,0,0,0.8573940000000001,2.09,1.76,0.33,No,0.0,0.0,0.33,1
1047,CH,255,1,1.76,2.18,0.0,0.0,0,0,0.885915,2.18,1.76,0.42,No,0.0,0.0,0.42,1
1048,CH,256,1,1.76,2.18,0.0,0.0,0,0,0.908732,2.18,1.76,0.42,No,0.0,0.0,0.42,1
1049,MM,228,7,1.69,1.69,0.0,0.0,0,0,0.7440000000000001,1.69,1.69,0.0,Yes,0.0,0.0,0.0,0
1050,CH,230,7,1.69,1.99,0.0,0.0,0,1,0.5952,1.99,1.69,0.3,Yes,0.0,0.0,0.3,0
1051,CH,231,7,1.69,1.99,0.0,0.0,0,0,0.67616,1.99,1.69,0.3,Yes,0.0,0.0,0.3,0
1052,CH,237,7,1.75,1.99,0.0,0.4,0,0,0.7409279999999999,1.59,1.75,-0.16,Yes,0.201005,0.0,0.24,0
1053,CH,238,7,1.75,1.99,0.0,0.4,0,0,0.7927420000000001,1.59,1.75,-0.16,Yes,0.201005,0.0,0.24,0
1054,CH,243,2,1.86,2.09,0.0,0.0,0,1,0.8341940000000001,2.09,1.86,0.23,No,0.0,0.0,0.23,2
1055,MM,227,1,1.69,1.69,0.0,0.0,0,0,0.32,1.69,1.69,0.0,No,0.0,0.0,0.0,1
1056,CH,228,7,1.69,1.69,0.0,0.0,0,0,0.256,1.69,1.69,0.0,Yes,0.0,0.0,0.0,0
1057,CH,232,1,1.69,1.99,0.0,0.0,1,0,0.4048,1.99,1.69,0.3,No,0.0,0.0,0.3,1
1058,CH,233,7,1.75,1.99,0.0,0.4,1,0,0.52384,1.59,1.75,-0.16,Yes,0.201005,0.0,0.24,0
1059,CH,235,1,1.69,1.99,0.0,0.0,0,0,0.6190720000000001,1.99,1.69,0.3,No,0.0,0.0,0.3,1
1060,MM,236,1,1.75,1.99,0.0,0.0,0,0,0.695258,1.99,1.75,0.24,No,0.0,0.0,0.24,1
1061,MM,242,1,1.86,1.99,0.0,0.3,0,1,0.5562060000000001,1.69,1.86,-0.17,No,0.150754,0.0,0.13,1
1062,MM,245,7,1.86,2.09,0.0,0.2,0,0,0.44496499999999994,1.89,1.86,0.03,Yes,0.095694,0.0,0.23,0
1063,CH,251,1,1.76,2.09,0.0,0.0,0,0,0.35597199999999996,2.09,1.76,0.33,No,0.0,0.0,0.33,1
1064,CH,251,7,1.86,2.09,0.1,0.0,0,0,0.484778,2.09,1.76,0.33,Yes,0.0,0.053763,0.23,0
1065,CH,252,7,1.86,2.09,0.1,0.0,0,0,0.5878220000000001,2.09,1.76,0.33,Yes,0.0,0.053763,0.23,0
1066,CH,256,7,1.86,2.18,0.0,0.0,0,0,0.670258,2.18,1.86,0.32,Yes,0.0,0.0,0.32,0
1067,MM,257,7,1.86,2.18,0.0,0.0,0,0,0.736206,2.18,1.86,0.32,Yes,0.0,0.0,0.32,0
1068,CH,261,7,1.86,2.13,0.0,0.24,0,0,0.588965,1.89,1.86,0.03,Yes,0.112676,0.0,0.27,0
1069,CH,270,1,1.86,2.18,0.0,0.0,0,0,0.671172,2.18,1.86,0.32,No,0.0,0.0,0.32,1
